Id,Div,HomeTeam,AwayTeam,FTHG,FTAG,FTR,HTHG,HTAG,HTR,HS,AS,HST,AST,HF,AF,HC,AC,HY,AY,HR,AR,B365H,B365D,B365A,BWH,BWD,BWA,Season,Id_HomeTeam,Id_AwayTeam,HTGS,ATGS,HTGC,ATGC,HTP,ATP,HM1,AM1,HM2,AM2,HM3,AM3,HM4,AM4,HM5,AM5,HTFormPtsStr,ATFormPtsStr,HTFormPts,ATFormPts,HTWin3,HTWin5,HTLoss3,HTLoss5,ATWin3,ATWin5,ATLoss3,ATLoss5,HTDG,ATDG,DiffPts,DiffFormPts,Journey,Med_HTDG,Med_ATDG,Med_DiffPts,Med_DiffFormPts,Med_HTP,Med_ATP,FTR_h_or_not,year,month,day
0,0,0,12,1,2,1,1,1,0,10,8,3,4,7,5,6,0,1,0,0,0,2.75,3.0,2.75,2.65,2.9,2.65,2223,35,23,15,16,25,7,14,31,2,0,1,0,1,2,1,0,2,0,83,0,6,7,0,0,0,0,0,0,0,0,-10,9,-17,-1,18,-0.5555555555555556,0.5,-0.9444444444444444,-0.0555555555555555,0.7777777777777778,1.7222222222222223,0,2022,12,5
1,0,1,21,2,1,2,0,1,1,13,7,5,3,15,15,9,5,5,5,0,0,1.75,3.2,5.5,1.73,3.3,4.6,2223,26,28,19,15,15,14,27,23,0,1,2,1,1,2,2,2,1,1,91,1,7,6,0,0,0,0,0,0,0,0,4,1,4,1,18,0.2222222222222222,0.0555555555555555,0.2222222222222222,0.0555555555555555,1.5,1.2777777777777777,1,2022,12,4
2,0,2,15,0,1,1,0,0,0,25,2,10,2,11,19,6,0,1,1,0,0,2.2,3.1,3.6,2.1,3.0,3.4,2223,22,24,19,21,14,14,24,31,1,2,1,2,2,1,0,2,2,2,31,2,7,12,0,0,0,0,0,0,0,0,5,7,-7,-5,18,0.2777777777777778,0.3888888888888889,-0.3888888888888889,-0.2777777777777778,1.3333333333333333,1.7222222222222223,0,2022,12,4
3,0,3,19,1,0,2,0,0,0,15,13,4,5,20,13,6,4,0,3,0,0,1.61,3.75,5.75,1.58,3.6,5.5,2223,31,33,20,13,13,22,30,14,0,1,2,2,0,1,2,1,1,1,165,3,8,3,0,0,0,0,0,0,1,0,7,-9,16,5,18,0.3888888888888889,-0.5,0.8888888888888888,0.2777777777777778,1.6666666666666667,0.7777777777777778,1,2022,12,4
4,0,4,14,0,1,1,0,0,0,13,15,6,5,8,11,11,2,0,4,0,0,1.75,3.4,5.0,1.72,3.4,4.5,2223,36,32,9,16,12,22,18,18,1,0,1,2,1,2,2,1,0,1,17,4,4,7,0,0,0,0,0,0,0,0,-3,-6,0,-3,18,-0.1666666666666666,-0.3333333333333333,0.0,-0.1666666666666666,1.0,1.0,0,2022,12,4
5,0,5,13,0,0,0,0,0,0,5,13,1,3,19,12,3,9,3,4,0,0,2.6,2.9,3.1,2.4,2.9,3.0,2223,40,30,18,16,22,14,21,25,0,1,1,1,2,2,1,1,2,0,207,5,7,4,0,0,0,0,0,0,0,0,-4,2,-4,3,18,-0.2222222222222222,0.1111111111111111,-0.2222222222222222,0.1666666666666666,1.1666666666666667,1.3888888888888888,0,2022,12,3
6,0,6,16,0,1,1,0,1,1,8,6,1,1,18,11,3,4,5,0,0,0,2.75,3.0,2.75,2.6,2.9,2.7,2223,37,29,20,22,20,10,22,33,2,2,0,2,2,0,1,2,1,0,283,6,7,11,0,0,0,0,0,0,0,0,0,12,-11,-4,18,0.0,0.6666666666666666,-0.6111111111111112,-0.2222222222222222,1.2222222222222223,1.8333333333333333,0,2022,12,3
7,0,7,18,4,2,2,3,1,2,18,14,6,6,18,13,7,5,4,2,0,0,2.75,2.9,2.8,2.55,2.95,2.7,2223,25,21,18,19,22,23,18,22,1,0,1,2,1,2,0,1,1,1,185,4,1,7,0,0,0,0,0,0,0,0,-4,-4,-4,-6,18,-0.2222222222222222,-0.2222222222222222,-0.2222222222222222,-0.3333333333333333,1.0,1.2222222222222223,1,2022,12,3
8,0,8,11,2,1,2,0,1,1,10,7,6,3,8,10,9,7,1,4,0,0,1.72,3.4,5.75,1.73,3.3,4.6,2223,41,39,14,12,17,25,20,12,0,1,1,0,1,1,2,2,2,2,44,7,7,7,0,0,0,0,0,0,0,0,-3,-13,8,0,18,-0.1666666666666666,-0.7222222222222222,0.4444444444444444,0.0,1.1111111111111112,0.6666666666666666,1,2022,12,3
9,0,9,20,3,1,2,2,1,2,12,3,7,2,9,14,4,2,3,5,0,1,2.3,3.0,3.5,2.2,2.9,3.25,2223,27,20,20,19,13,14,25,31,2,2,2,0,1,0,1,2,2,2,296,8,9,11,0,0,0,0,0,0,0,0,7,5,-6,-2,18,0.3888888888888889,0.2777777777777778,-0.3333333333333333,-0.1111111111111111,1.3888888888888888,1.7222222222222223,1,2022,12,2
10,0,10,17,0,1,1,0,0,0,26,5,4,2,7,22,15,4,1,3,0,0,2.15,2.8,4.2,2.1,2.75,3.9,2223,38,34,16,12,18,13,20,23,0,2,1,2,2,0,1,0,2,1,207,9,7,8,0,0,0,0,0,0,0,0,-2,-1,-3,-1,18,-0.1111111111111111,-0.0555555555555555,-0.1666666666666666,-0.0555555555555555,1.1111111111111112,1.2777777777777777,0,2022,11,30
11,0,11,2,0,1,1,0,1,1,13,9,5,2,14,18,8,4,3,5,2,0,2.7,3.0,2.8,2.6,2.95,2.65,2223,39,22,11,18,23,10,12,24,0,1,1,2,2,0,2,2,1,0,174,10,7,8,0,0,0,0,0,0,0,0,-12,8,-12,-1,17,-0.7058823529411765,0.4705882352941176,-0.7058823529411765,-0.0588235294117647,0.7058823529411765,1.411764705882353,0,2022,11,28
12,0,12,8,2,2,0,0,0,0,11,11,3,5,4,10,5,5,3,2,0,0,2.6,3.0,3.0,2.45,2.85,2.9,2223,23,41,16,14,7,17,30,19,0,1,2,1,0,2,0,2,0,1,76,1,7,6,0,0,0,0,0,0,0,0,9,-3,11,1,17,0.5294117647058824,-0.1764705882352941,0.6470588235294118,0.0588235294117647,1.7647058823529411,1.1176470588235294,0,2022,11,27
13,0,13,9,1,0,2,0,0,0,12,3,2,1,16,10,6,4,6,2,0,1,2.55,3.0,3.0,2.45,2.87,2.9,2223,30,27,16,18,13,13,25,22,1,2,2,1,1,1,0,2,1,1,101,11,4,6,0,0,0,0,0,0,0,0,3,5,3,-2,17,0.1764705882352941,0.2941176470588235,0.1764705882352941,-0.1176470588235294,1.4705882352941178,1.2941176470588236,1,2022,11,27
14,0,14,3,1,1,0,1,1,0,11,13,3,2,10,10,5,11,3,3,0,0,3.6,3.2,2.15,3.1,3.1,2.15,2223,32,31,15,20,21,13,17,29,2,2,2,0,1,2,1,1,0,0,201,12,7,8,0,0,0,0,0,0,0,0,-6,7,-12,-1,17,-0.3529411764705882,0.4117647058823529,-0.7058823529411765,-0.0588235294117647,1.0,1.7058823529411764,0,2022,11,27
15,0,15,1,2,1,2,0,1,1,15,13,5,6,9,18,4,7,2,4,0,0,2.62,3.0,2.9,2.45,3.0,2.75,2223,24,26,18,17,12,13,28,26,2,2,1,1,2,2,2,1,0,2,197,13,10,9,0,0,0,0,0,0,0,0,6,4,2,1,17,0.3529411764705882,0.2352941176470588,0.1176470588235294,0.0588235294117647,1.6470588235294117,1.5294117647058822,1,2022,11,27
16,0,16,10,3,1,2,1,0,2,10,3,7,1,22,14,5,1,4,2,0,0,1.85,3.2,5.0,1.8,3.25,4.33,2223,29,38,18,15,10,17,30,19,2,1,0,2,2,1,0,2,2,0,86,14,11,7,0,0,0,0,0,0,0,0,8,-2,11,4,17,0.4705882352941176,-0.1176470588235294,0.6470588235294118,0.2352941176470588,1.7647058823529411,1.1176470588235294,1,2022,11,26
17,0,17,7,1,0,2,1,0,2,9,9,5,0,15,13,4,3,2,1,0,0,2.05,3.0,4.2,2.0,3.1,3.6,2223,34,25,11,18,13,21,20,18,2,1,0,1,0,0,1,1,0,2,143,15,6,4,0,0,0,0,0,0,0,0,-2,-3,2,2,17,-0.1176470588235294,-0.1764705882352941,0.1176470588235294,0.1176470588235294,1.1764705882352942,1.0588235294117647,1,2022,11,26
18,0,18,4,2,1,2,1,0,2,5,10,3,3,18,17,3,1,5,4,0,2,2.25,3.1,3.5,2.2,2.95,3.3,2223,21,36,19,9,23,10,21,18,2,1,2,1,1,2,1,0,0,1,201,16,7,4,0,0,0,0,0,0,0,0,-4,-1,3,3,17,-0.2352941176470588,-0.0588235294117647,0.1764705882352941,0.1764705882352941,1.2352941176470589,1.0588235294117647,1,2022,11,26
19,0,19,0,1,0,2,0,0,0,10,13,3,2,10,19,5,5,1,5,0,0,2.2,3.3,3.3,2.2,3.1,3.2,2223,33,35,13,13,18,24,14,11,2,1,1,1,1,1,1,2,0,0,138,17,4,4,0,0,0,0,0,0,0,0,-5,-11,3,0,17,-0.2941176470588235,-0.6470588235294118,0.1764705882352941,0.0,0.8235294117647058,0.6470588235294118,1,2022,11,26
20,0,20,5,2,0,2,1,0,2,13,7,4,1,12,10,7,1,2,6,0,1,1.66,3.8,5.25,1.66,3.5,4.6,2223,20,40,18,16,14,20,28,20,0,1,0,2,2,1,2,2,0,0,212,14,9,7,0,0,0,0,0,0,0,0,4,-4,8,2,17,0.2352941176470588,-0.2352941176470588,0.4705882352941176,0.1176470588235294,1.6470588235294117,1.1764705882352942,1,2022,11,26
21,0,21,6,0,0,0,0,0,0,6,13,1,2,12,11,5,5,5,2,0,0,2.87,3.0,2.7,2.75,2.85,2.6,2223,28,37,13,16,11,19,23,19,1,0,2,2,2,1,1,1,2,2,21,18,9,7,0,0,0,0,0,0,0,0,2,-3,4,2,17,0.1176470588235294,-0.1764705882352941,0.2352941176470588,0.1176470588235294,1.3529411764705883,1.1176470588235294,0,2022,11,25
22,0,7,15,2,1,2,0,0,0,10,14,3,4,14,11,3,6,2,2,0,0,2.9,3.0,2.62,2.75,3.0,2.45,2223,25,24,17,17,18,12,18,25,1,1,0,2,1,2,2,0,0,2,71,19,5,10,0,0,0,0,0,0,0,0,-1,5,-7,-5,16,-0.0625,0.3125,-0.4375,-0.3125,1.125,1.5625,1,2022,11,21
23,0,4,12,0,1,1,0,0,0,12,10,3,5,14,14,5,3,2,3,1,0,2.4,2.87,3.5,2.3,2.75,3.25,2223,36,23,9,16,9,7,18,29,1,2,2,0,0,0,1,0,0,0,37,20,5,7,0,0,0,0,0,0,0,0,0,9,-11,-2,16,0.0,0.5625,-0.6875,-0.125,1.125,1.8125,0,2022,11,20
24,0,5,11,1,0,2,0,0,0,14,10,11,2,17,26,7,4,2,5,1,0,2.0,3.4,3.8,1.98,3.3,3.4,2223,40,39,16,10,17,22,20,11,2,1,1,2,2,2,0,1,0,2,34,21,8,9,0,0,0,0,0,0,0,0,-1,-12,9,-1,16,-0.0625,-0.75,0.5625,-0.0625,1.25,0.6875,1,2022,11,20
25,0,1,20,0,0,0,0,0,0,11,7,0,0,10,11,4,4,0,1,0,0,2.0,3.25,4.0,1.95,3.1,3.75,2223,26,20,16,17,13,13,23,27,1,0,2,2,1,2,2,0,0,2,14,22,7,11,0,0,0,0,0,0,0,0,3,4,-4,-4,16,0.1875,0.25,-0.25,-0.25,1.4375,1.6875,0,2022,11,20
26,0,3,16,1,1,0,0,0,0,7,17,2,5,25,15,3,8,3,3,0,0,2.45,3.1,3.1,2.25,3.1,3.0,2223,31,29,18,16,13,10,26,27,0,0,2,2,1,0,0,2,1,0,176,23,5,9,0,0,0,0,0,0,0,0,5,6,-1,-4,16,0.3125,0.375,-0.0625,-0.25,1.625,1.6875,0,2022,11,20
27,0,2,14,4,0,2,0,0,0,22,8,9,5,11,7,10,2,0,0,0,0,1.8,3.4,5.0,1.78,3.3,4.33,2223,22,32,18,14,8,21,24,14,2,2,0,1,2,1,0,0,2,1,86,24,11,4,0,0,0,0,0,0,0,0,10,-7,10,7,16,0.625,-0.4375,0.625,0.4375,1.5,0.875,1,2022,11,20
28,0,8,19,1,1,0,0,0,0,24,6,9,3,19,9,15,2,2,2,0,1,2.05,3.1,4.2,1.98,2.87,4.1,2223,41,33,14,10,16,17,19,11,1,1,2,1,2,1,1,0,0,0,149,25,7,2,0,0,0,0,0,0,0,0,-2,-7,8,5,16,-0.125,-0.4375,0.5,0.3125,1.1875,0.6875,0,2022,11,19
29,0,10,21,2,0,2,0,0,0,17,5,6,2,17,12,10,5,3,3,0,0,2.1,3.0,4.2,2.05,2.95,3.6,2223,38,28,15,12,15,9,19,23,2,2,1,2,2,1,0,2,0,0,34,26,8,10,0,0,0,0,0,0,0,0,0,3,-4,-2,16,0.0,0.1875,-0.25,-0.125,1.1875,1.4375,1,2022,11,19
30,0,6,13,2,2,0,2,1,2,14,9,6,5,18,7,3,3,2,2,0,0,2.4,3.1,3.2,2.3,2.9,3.1,2223,37,30,16,16,19,12,18,25,2,2,1,1,1,0,2,1,0,1,229,27,7,4,0,0,0,0,0,0,0,0,-3,4,-7,3,16,-0.1875,0.25,-0.4375,0.1875,1.125,1.5625,0,2022,11,19
31,0,0,17,1,1,0,0,0,0,8,10,3,3,14,9,4,1,3,3,0,0,2.62,3.1,2.9,2.45,2.95,2.85,2223,35,34,13,10,23,13,11,17,1,0,1,0,2,1,0,0,1,1,16,28,4,3,0,0,0,0,0,0,0,0,-10,-3,-6,1,16,-0.625,-0.1875,-0.375,0.0625,0.6875,1.0625,0,2022,11,19
32,0,9,18,4,0,2,0,0,0,23,2,7,1,18,14,7,1,3,2,0,2,2.05,3.3,3.8,1.98,3.2,3.6,2223,27,21,15,17,13,22,19,18,1,2,1,1,2,1,1,0,0,2,5,29,4,7,0,0,0,0,0,0,0,0,2,-5,1,-3,16,0.125,-0.3125,0.0625,-0.1875,1.1875,1.125,1,2022,11,18
43,0,14,15,1,1,0,1,1,0,12,14,5,5,12,16,4,10,2,2,1,1,2.62,2.87,3.1,2.45,2.95,2.8,2223,32,24,12,17,20,11,11,25,1,2,1,2,0,0,1,2,0,1,172,30,2,10,0,0,0,0,0,0,0,0,-8,6,-14,-8,15,-0.5333333333333333,0.4,-0.9333333333333332,-0.5333333333333333,0.7333333333333333,1.6666666666666667,0,2022,11,7
45,0,18,3,2,3,1,1,1,0,12,13,2,3,13,11,4,1,4,4,0,0,2.45,3.2,3.0,2.35,3.0,2.9,2223,21,31,15,17,21,12,15,25,1,2,1,1,0,0,2,1,0,1,243,27,5,4,0,0,0,0,0,0,0,0,-6,5,-10,1,15,-0.4,0.3333333333333333,-0.6666666666666666,0.0666666666666666,1.0,1.6666666666666667,0,2022,11,6
46,0,19,6,1,1,0,0,1,1,14,13,4,5,13,18,3,5,3,4,0,0,2.75,2.9,2.87,2.55,2.95,2.7,2223,33,37,9,13,15,18,11,15,1,1,1,1,0,2,0,0,0,2,217,31,3,7,0,0,0,0,0,0,0,0,-6,-5,-4,-4,15,-0.4,-0.3333333333333333,-0.2666666666666666,-0.2666666666666666,0.7333333333333333,1.0,0,2022,11,6
47,0,11,7,1,1,0,1,0,2,6,4,4,2,17,6,5,2,1,1,0,0,2.4,3.1,3.1,2.25,3.1,2.95,2223,39,25,10,17,19,15,11,18,2,0,2,1,1,2,2,0,0,0,26,32,10,6,0,0,0,0,0,0,0,0,-9,2,-7,4,15,-0.6,0.1333333333333333,-0.4666666666666667,0.2666666666666666,0.7333333333333333,1.2,0,2022,11,6
48,0,17,9,1,0,2,0,0,0,3,16,1,3,10,10,1,7,3,2,1,0,2.37,3.1,3.2,2.45,2.87,2.9,2223,34,27,9,15,12,12,16,19,0,1,1,2,0,1,1,0,0,0,298,33,3,5,0,0,0,0,0,0,0,0,-3,3,-3,-2,15,-0.2,0.2,-0.2,-0.1333333333333333,1.0666666666666669,1.2666666666666666,1,2022,11,6
53,0,16,1,1,1,0,1,1,0,14,10,5,7,16,9,12,2,2,1,0,0,2.1,3.4,3.6,2.1,3.1,3.4,2223,29,26,15,15,9,11,26,23,2,2,0,1,2,2,0,0,0,0,96,34,9,8,0,0,0,0,0,0,0,0,6,4,3,1,15,0.4,0.2666666666666666,0.2,0.0666666666666666,1.7333333333333334,1.5333333333333334,0,2022,11,6
54,0,2,4,0,1,1,0,0,0,14,11,2,7,11,7,4,5,1,0,0,0,2.1,3.2,3.8,2.05,3.0,3.5,2223,22,36,17,9,8,8,21,18,0,2,2,0,0,1,2,0,0,2,23,35,9,8,0,0,0,0,0,0,0,0,9,1,3,1,15,0.6,0.0666666666666666,0.2,0.0666666666666666,1.4,1.2,0,2022,11,5
55,0,21,5,1,0,2,1,0,2,7,10,3,4,15,9,0,7,3,3,0,0,1.83,3.4,5.0,1.83,3.3,4.0,2223,28,40,9,13,9,17,20,17,2,1,1,2,2,0,0,0,0,1,34,36,8,5,0,0,0,0,0,0,0,0,0,-4,3,3,15,0.0,-0.2666666666666666,0.2,0.2,1.3333333333333333,1.1333333333333333,1,2022,11,5
56,0,13,0,2,1,2,2,1,2,8,16,3,2,18,15,7,7,2,3,1,0,1.7,3.5,5.75,1.66,3.4,5.0,2223,30,35,14,12,11,20,22,11,1,1,0,2,1,0,1,1,2,0,40,37,4,5,0,0,0,0,0,0,0,0,3,-8,11,-1,15,0.2,-0.5333333333333333,0.7333333333333333,-0.0666666666666666,1.4666666666666666,0.7333333333333333,1,2022,11,5
57,0,12,10,0,1,1,0,0,0,8,8,3,2,10,13,2,2,3,4,0,1,2.45,3.0,3.2,2.37,2.9,2.95,2223,23,38,15,14,7,15,26,16,0,1,0,2,0,0,0,0,2,0,82,38,7,6,0,0,0,0,0,0,0,0,8,-1,10,1,15,0.5333333333333333,-0.0666666666666666,0.6666666666666666,0.0666666666666666,1.7333333333333334,1.0666666666666669,0,2022,11,5
63,0,20,8,1,0,2,0,0,0,9,13,4,4,10,19,6,6,3,2,1,0,2.1,3.1,4.0,2.05,2.85,3.75,2223,20,41,16,13,12,14,26,19,2,2,2,2,0,1,2,0,1,0,30,39,10,8,0,0,0,0,0,0,0,0,4,-1,7,2,15,0.2666666666666666,-0.0666666666666666,0.4666666666666667,0.1333333333333333,1.7333333333333334,1.2666666666666666,1,2022,11,4
64,0,9,3,0,0,0,0,0,0,16,4,3,1,14,12,8,1,1,6,0,0,2.45,3.1,3.1,2.3,3.0,3.0,2223,27,31,15,13,8,11,19,22,2,1,1,0,0,1,0,1,2,2,152,40,8,4,0,0,0,0,0,0,0,0,7,2,-3,4,14,0.5,0.1428571428571428,-0.2142857142857142,0.2857142857142857,1.3571428571428572,1.5714285714285714,0,2022,11,3
65,0,6,18,2,2,0,1,1,0,17,10,6,5,10,14,6,2,3,4,0,0,2.15,3.25,3.6,2.1,3.2,3.25,2223,37,21,13,14,16,19,15,15,1,1,2,0,0,2,2,0,1,0,87,41,7,6,0,0,0,0,0,0,0,0,-3,-5,0,1,14,-0.2142857142857142,-0.3571428571428571,0.0,0.0714285714285714,1.0714285714285714,1.0714285714285714,0,2022,11,3
66,0,15,19,2,1,2,0,0,0,19,5,7,2,15,7,7,2,3,0,0,1,1.9,3.25,4.75,1.8,3.25,4.2,2223,24,33,15,9,10,14,22,11,2,1,0,0,2,0,1,0,0,1,12,42,8,3,0,0,0,0,0,0,0,0,5,-5,11,5,14,0.3571428571428571,-0.3571428571428571,0.7857142857142857,0.3571428571428571,1.5714285714285714,0.7857142857142857,1,2022,11,3
67,0,1,14,1,0,2,0,0,0,18,11,7,3,8,10,12,3,4,3,0,0,1.55,4.1,6.0,1.55,3.6,5.75,2223,26,32,11,11,11,18,20,11,1,1,2,0,0,1,0,0,2,1,46,43,8,2,0,0,0,0,0,0,0,0,0,-7,9,6,14,0.0,-0.5,0.6428571428571429,0.4285714285714285,1.4285714285714286,0.7857142857142857,1,2022,11,2
68,0,7,10,1,0,2,0,0,0,7,11,2,1,17,13,5,3,1,4,0,0,2.7,3.25,2.7,2.6,3.1,2.55,2223,25,38,16,14,14,14,17,16,1,2,2,0,0,0,0,0,1,0,36,20,5,7,0,0,0,0,0,0,0,0,2,0,1,-2,14,0.1428571428571428,0.0,0.0714285714285714,-0.1428571428571428,1.2142857142857142,1.1428571428571428,1,2022,11,2
69,0,5,17,2,1,2,0,0,0,12,14,5,3,10,11,6,8,3,2,0,0,2.9,3.1,2.62,2.75,2.95,2.5,2223,40,34,12,9,13,12,17,15,2,1,0,0,0,1,1,0,0,1,143,43,6,2,0,0,0,0,0,0,0,0,-1,-3,2,4,14,-0.0714285714285714,-0.2142857142857142,0.1428571428571428,0.2857142857142857,1.2142857142857142,1.0714285714285714,1,2022,11,2
70,0,11,13,0,2,1,0,1,1,9,11,3,5,19,12,5,5,5,2,0,0,2.75,3.0,2.8,2.65,2.8,2.7,2223,39,30,9,14,19,10,8,22,2,0,1,1,2,1,0,2,1,2,265,44,7,7,0,0,0,0,0,0,0,0,-10,4,-14,0,14,-0.7142857142857143,0.2857142857142857,-1.0,0.0,0.5714285714285714,1.5714285714285714,0,2022,11,1
71,0,4,20,1,1,0,1,1,0,7,9,4,1,12,17,7,8,2,3,0,1,2.62,3.0,2.87,2.6,2.87,2.75,2223,36,20,7,14,8,11,15,23,0,2,1,0,0,2,2,1,2,0,228,12,8,8,0,0,0,0,0,0,0,0,-1,3,-8,0,14,-0.0714285714285714,0.2142857142857142,-0.5714285714285714,0.0,1.0714285714285714,1.6428571428571428,0,2022,11,1
72,0,8,2,0,2,1,0,1,1,12,5,3,2,19,10,3,2,3,2,0,0,2.2,3.0,3.75,2.15,2.95,3.4,2223,41,22,11,16,13,7,16,20,2,2,1,0,0,2,0,0,1,1,284,45,5,8,0,0,0,0,0,0,0,0,-2,9,-4,-3,14,-0.1428571428571428,0.6428571428571429,-0.2857142857142857,-0.2142857142857142,1.1428571428571428,1.4285714285714286,0,2022,11,1
73,0,0,21,1,0,2,1,0,2,10,15,2,3,15,10,4,7,4,2,0,0,2.8,3.2,2.7,2.7,3.0,2.5,2223,35,28,11,8,18,9,11,17,2,1,0,2,1,0,0,0,0,2,268,46,6,8,0,0,0,0,0,0,0,0,-7,-1,-6,-2,14,-0.5,-0.0714285714285714,-0.4285714285714285,-0.1428571428571428,0.7857142857142857,1.2142857142857142,1,2022,11,1
74,0,16,12,0,2,1,0,0,0,18,6,4,3,8,8,11,3,1,4,0,1,1.7,3.3,6.5,1.65,3.3,5.5,2223,29,23,14,15,9,7,23,25,0,0,2,0,0,0,0,2,2,2,282,47,9,9,0,0,0,0,0,0,0,0,5,8,-2,0,14,0.3571428571428571,0.5714285714285714,-0.1428571428571428,0.0,1.6428571428571428,1.7857142857142858,0,2022,11,1
76,0,3,6,1,0,2,0,0,0,9,9,3,1,7,11,3,6,1,2,0,0,2.2,3.4,3.25,2.05,3.2,3.3,2223,31,37,13,13,10,15,22,15,0,2,1,0,1,2,2,1,2,2,44,48,7,10,0,0,0,0,0,0,0,0,3,-2,7,-3,13,0.2307692307692307,-0.1538461538461538,0.5384615384615384,-0.2307692307692307,1.6923076923076923,1.1538461538461535,1,2022,10,31
81,0,14,7,0,0,0,0,0,0,11,12,1,2,25,10,6,2,2,1,0,0,2.5,3.3,2.9,2.3,3.0,2.95,2223,32,25,10,15,15,12,11,17,0,2,1,0,0,0,1,1,1,1,53,49,2,5,0,0,0,0,0,0,0,0,-5,3,-6,-3,13,-0.3846153846153846,0.2307692307692307,-0.4615384615384615,-0.2307692307692307,0.8461538461538461,1.3076923076923077,0,2022,10,30
82,0,19,1,0,1,1,0,1,1,15,10,5,2,11,8,5,2,1,2,0,0,3.25,3.2,2.3,3.1,3.1,2.2,2223,33,26,8,11,11,9,11,20,0,2,0,0,0,0,1,2,2,1,167,50,6,8,0,0,0,0,0,0,0,0,-3,2,-9,-2,13,-0.2307692307692307,0.1538461538461538,-0.6923076923076923,-0.1538461538461538,0.8461538461538461,1.5384615384615383,0,2022,10,30
83,0,15,9,0,0,0,0,0,0,9,14,4,0,14,14,8,5,2,0,0,0,2.5,3.25,2.9,2.37,3.1,2.8,2223,24,27,14,13,10,7,19,16,0,1,2,0,1,0,0,2,2,1,66,51,8,5,0,0,0,0,0,0,0,0,4,6,3,3,13,0.3076923076923077,0.4615384615384615,0.2307692307692307,0.2307692307692307,1.4615384615384617,1.2307692307692308,0,2022,10,30
84,0,18,5,0,0,0,0,0,0,15,13,4,4,15,11,5,6,1,2,0,0,1.75,3.5,5.0,1.73,3.4,4.33,2223,21,40,14,9,18,12,15,14,0,0,2,0,0,1,0,0,2,1,282,28,9,3,0,0,0,0,0,0,0,0,-4,-3,1,6,13,-0.3076923076923077,-0.2307692307692307,0.0769230769230769,0.4615384615384615,1.1538461538461535,1.0769230769230769,0,2022,10,30
85,0,12,11,2,0,2,1,0,2,9,12,2,0,15,12,2,7,5,1,0,0,2.15,3.2,3.75,2.15,2.95,3.5,2223,23,39,15,8,7,19,24,5,0,1,0,2,2,0,2,1,2,1,186,52,11,4,1,0,0,0,0,0,0,0,8,-11,19,7,13,0.6153846153846154,-0.8461538461538461,1.4615384615384617,0.5384615384615384,1.8461538461538465,0.3846153846153846,1,2022,10,29
86,0,20,17,2,1,2,1,0,2,10,8,4,1,12,21,5,2,1,4,0,0,2.2,2.9,4.0,2.05,3.0,3.5,2223,20,34,12,9,10,11,20,15,0,0,2,1,1,0,0,1,2,1,66,53,8,2,0,0,0,0,0,0,0,0,2,-2,5,6,13,0.1538461538461538,-0.1538461538461538,0.3846153846153846,0.4615384615384615,1.5384615384615383,1.1538461538461535,1,2022,10,29
87,0,21,16,1,0,2,1,0,2,3,17,1,3,10,8,4,16,1,4,1,0,3.5,3.25,2.15,3.3,3.0,2.15,2223,28,29,7,14,7,9,17,22,2,2,0,0,0,0,2,2,0,2,62,8,9,11,0,0,0,0,0,0,0,0,0,5,-5,-2,13,0.0,0.3846153846153846,-0.3846153846153846,-0.1538461538461538,1.3076923076923077,1.6923076923076923,1,2022,10,29
89,0,2,0,3,0,2,2,0,2,18,10,6,0,15,18,7,4,0,4,0,0,1.9,3.6,4.0,1.85,3.3,3.9,2223,22,35,14,10,7,18,17,8,0,0,2,1,0,0,1,0,1,1,190,54,5,3,0,0,0,0,0,0,0,0,7,-8,9,2,13,0.5384615384615384,-0.6153846153846154,0.6923076923076923,0.1538461538461538,1.3076923076923077,0.6153846153846154,1,2022,10,29
93,0,13,4,0,0,0,0,0,0,13,7,5,1,20,14,7,1,4,2,0,1,2.1,3.1,4.0,2.1,2.95,3.6,2223,30,36,14,7,10,8,21,14,1,1,1,0,2,2,2,2,1,0,1,55,6,8,0,0,0,0,0,0,0,0,4,-1,7,-2,13,0.3076923076923077,-0.0769230769230769,0.5384615384615384,-0.1538461538461538,1.6153846153846154,1.0769230769230769,0,2022,10,29
95,0,10,8,0,2,1,0,1,1,13,6,5,4,16,15,3,4,3,3,0,0,2.2,2.87,4.0,2.1,2.8,3.75,2223,38,41,11,10,13,13,13,13,0,1,0,0,0,0,0,1,2,2,82,56,7,5,0,0,0,0,0,0,0,0,-2,-3,0,2,13,-0.1538461538461538,-0.2307692307692307,0.0,0.1538461538461538,1.0,1.0,0,2022,10,28
96,0,17,19,1,0,2,1,0,2,6,15,2,2,13,14,1,5,1,2,0,0,2.25,3.1,3.6,2.05,3.0,3.7,2223,34,33,9,7,11,10,14,10,1,0,0,0,1,1,1,2,2,1,40,57,4,5,0,0,0,0,0,0,0,0,-2,-3,4,-1,12,-0.1666666666666666,-0.25,0.3333333333333333,-0.0833333333333333,1.1666666666666667,0.8333333333333334,1,2022,10,24
98,0,4,0,1,1,0,1,0,2,6,12,3,4,20,19,7,4,2,7,0,0,1.95,3.5,4.0,2.05,3.25,3.3,2223,36,35,6,8,6,16,14,7,0,1,2,0,2,0,0,1,0,0,88,58,9,3,0,0,0,0,0,0,0,0,0,-8,7,6,12,0.0,-0.6666666666666666,0.5833333333333334,0.5,1.1666666666666667,0.5833333333333334,0,2022,10,23
99,0,14,12,2,0,2,1,0,2,9,12,3,2,21,14,3,5,4,2,0,1,2.62,3.1,2.87,2.6,2.87,2.75,2223,32,23,10,15,15,7,10,23,1,0,0,2,1,2,1,2,2,1,40,59,4,10,0,0,0,0,0,0,0,0,-5,8,-13,-6,12,-0.4166666666666667,0.6666666666666666,-1.0833333333333333,-0.5,0.8333333333333334,1.9166666666666667,1,2022,10,23
100,0,13,10,2,1,2,1,0,2,8,7,5,2,10,14,4,7,2,2,0,0,2.62,3.1,3.0,2.4,2.85,3.0,2223,30,38,14,9,9,11,21,12,1,0,2,0,2,0,1,2,2,1,21,60,9,6,0,0,0,0,0,0,0,0,5,-2,9,3,12,0.4166666666666667,-0.1666666666666666,0.75,0.25,1.75,1.0,1,2022,10,23
101,0,16,15,1,0,2,0,0,0,21,0,7,0,6,12,9,1,0,3,0,1,1.75,3.25,6.0,1.77,3.3,4.4,2223,29,24,12,13,9,9,19,18,0,2,0,1,2,0,2,2,2,1,186,61,11,7,1,0,0,0,0,0,0,0,3,4,1,4,12,0.25,0.3333333333333333,0.0833333333333333,0.3333333333333333,1.5833333333333333,1.5,1,2022,10,23
107,0,1,18,1,1,0,1,1,0,23,4,3,3,10,13,7,0,4,3,0,0,1.95,3.3,4.33,1.9,3.1,4.1,2223,26,21,9,13,8,17,17,14,0,2,0,0,2,0,1,2,0,0,208,62,6,9,0,0,0,0,0,0,0,0,1,-4,3,-3,12,0.0833333333333333,-0.3333333333333333,0.25,-0.25,1.4166666666666667,1.1666666666666667,0,2022,10,23
108,0,20,6,0,0,0,0,0,0,12,10,2,0,10,16,3,2,2,3,0,0,2.2,3.1,3.75,2.1,3.1,3.3,2223,20,37,11,11,9,14,19,12,2,0,1,2,0,1,2,2,0,0,163,63,8,8,0,0,0,0,0,0,0,0,2,-3,7,0,12,0.1666666666666666,-0.25,0.5833333333333334,0.0,1.5833333333333333,1.0,0,2022,10,22
109,0,5,2,1,0,2,0,0,0,10,14,4,3,13,16,0,3,1,1,0,0,2.3,3.25,3.2,2.2,3.1,3.1,2223,40,22,8,13,11,6,13,16,0,2,1,0,0,1,1,1,2,1,77,64,5,4,0,0,0,0,0,0,1,0,-3,7,-3,1,12,-0.25,0.5833333333333334,-0.25,0.0833333333333333,1.0833333333333333,1.3333333333333333,1,2022,10,22
110,0,11,3,1,2,1,1,1,0,8,12,4,6,15,20,1,8,2,4,0,1,3.5,3.3,2.15,2.95,3.2,2.25,2223,39,31,7,13,17,10,5,21,2,1,0,1,1,2,1,2,1,2,64,65,4,9,0,0,1,0,1,0,0,0,-10,3,-16,-5,12,-0.8333333333333334,0.25,-1.3333333333333333,-0.4166666666666667,0.4166666666666667,1.75,0,2022,10,22
111,0,7,21,1,1,0,0,0,0,13,7,7,3,12,10,6,5,4,1,0,0,2.3,3.2,3.3,2.25,3.1,3.0,2223,25,28,13,6,12,7,14,14,0,0,0,0,1,2,1,0,0,0,160,0,3,7,0,0,0,0,0,0,0,0,1,-1,0,-4,12,0.0833333333333333,-0.0833333333333333,0.0,-0.3333333333333333,1.1666666666666667,1.1666666666666667,0,2022,10,22
116,0,9,8,1,0,2,0,0,0,14,6,6,0,13,12,8,5,5,1,0,0,2.05,3.1,4.2,2.0,3.0,3.7,2223,27,41,13,10,5,11,16,13,0,0,0,0,2,1,1,2,2,1,177,57,8,5,0,0,0,0,0,0,0,0,8,-1,3,3,12,0.6666666666666666,-0.0833333333333333,0.25,0.25,1.3333333333333333,1.0833333333333333,1,2022,10,21
128,0,6,1,2,0,2,1,0,2,9,13,5,1,13,7,3,4,1,1,0,0,2.8,3.1,2.55,2.8,2.95,2.45,2223,37,26,10,9,13,8,11,16,2,0,1,2,2,1,0,0,1,2,265,66,7,8,0,0,0,0,0,0,0,0,-3,1,-5,-1,11,-0.2727272727272727,0.0909090909090909,-0.4545454545454545,-0.0909090909090909,1.0,1.4545454545454546,1,2022,10,17
129,0,12,7,2,1,2,1,0,2,7,26,2,8,9,8,2,8,2,0,1,0,1.83,3.4,4.75,1.82,3.3,4.1,2223,23,25,15,10,7,9,22,13,2,0,2,1,2,1,1,0,2,0,144,67,12,3,0,0,0,0,0,0,0,0,8,1,9,9,11,0.7272727272727273,0.0909090909090909,0.8181818181818182,0.8181818181818182,2.0,1.181818181818182,1,2022,10,16
130,0,19,14,3,2,2,1,0,2,13,16,5,8,11,10,6,5,3,3,0,0,1.9,3.3,4.5,1.88,3.2,3.9,2223,33,32,7,8,10,12,9,10,0,0,1,1,2,1,1,2,1,0,219,68,4,5,0,0,0,0,0,0,0,0,-3,-4,-1,-1,11,-0.2727272727272727,-0.3636363636363636,-0.0909090909090909,-0.0909090909090909,0.8181818181818182,0.9090909090909092,1,2022,10,16
131,0,15,11,2,0,2,0,0,0,18,15,6,5,13,11,5,3,4,1,0,0,1.75,3.75,4.75,1.73,3.4,4.4,2223,24,39,10,4,8,15,15,2,1,0,0,1,2,1,1,1,0,1,146,69,5,1,0,0,0,0,0,0,1,0,2,-11,13,4,11,0.1818181818181818,-1.0,1.181818181818182,0.3636363636363636,1.3636363636363635,0.1818181818181818,1,2022,10,16
132,0,10,9,2,0,2,1,0,2,11,7,4,2,16,12,4,0,3,4,0,0,2.87,3.2,2.5,2.85,2.9,2.5,2223,38,27,8,13,10,5,11,15,0,0,0,2,2,1,1,2,1,0,97,63,5,8,0,0,0,0,0,0,0,0,-2,8,-4,-3,11,-0.1818181818181818,0.7272727272727273,-0.3636363636363636,-0.2727272727272727,1.0,1.3636363636363635,1,2022,10,16
137,0,3,13,2,1,2,0,0,0,15,10,6,4,17,17,2,4,3,3,0,0,1.95,3.2,4.2,1.9,3.2,3.8,2223,31,30,12,13,7,7,21,21,1,2,2,2,2,1,2,2,2,0,175,26,12,10,1,0,0,0,0,0,0,0,5,6,0,2,11,0.4545454545454545,0.5454545454545454,0.0,0.1818181818181818,1.9090909090909087,1.9090909090909087,1,2022,10,16
138,0,2,20,0,1,1,0,0,0,9,9,2,5,13,13,5,5,1,2,0,0,2.75,3.1,2.7,2.7,2.87,2.6,2223,22,20,10,8,5,8,13,16,0,1,1,0,1,2,1,0,2,2,140,70,4,8,0,0,0,0,0,0,0,0,5,0,-3,-4,11,0.4545454545454545,0.0,-0.2727272727272727,-0.3636363636363636,1.181818181818182,1.4545454545454546,0,2022,10,15
139,0,8,5,2,1,2,1,0,2,16,8,4,4,11,6,8,7,4,2,0,0,1.7,3.5,5.5,1.75,3.4,4.4,2223,41,40,10,8,11,11,12,12,0,1,1,0,2,1,1,2,2,0,207,71,7,5,0,0,0,0,0,0,0,0,-1,-3,0,2,11,-0.0909090909090909,-0.2727272727272727,0.0,0.1818181818181818,1.0909090909090908,1.0909090909090908,1,2022,10,15
140,0,21,4,0,0,0,0,0,0,10,11,2,1,20,9,3,7,1,0,0,0,2.3,3.1,3.4,2.25,3.0,3.1,2223,28,36,6,6,7,6,13,13,0,2,2,2,0,0,0,0,2,0,282,72,9,9,0,0,0,0,0,0,0,0,-1,0,0,0,11,-0.0909090909090909,0.0,0.0,0.0,1.181818181818182,1.181818181818182,0,2022,10,15
141,0,0,16,0,1,1,0,1,1,8,7,1,2,13,10,4,4,4,3,1,0,3.1,3.2,2.3,3.0,3.0,2.3,2223,35,29,7,9,13,6,7,18,0,0,0,2,1,2,0,2,1,1,28,59,3,10,0,0,0,0,0,0,0,0,-6,3,-11,-7,11,-0.5454545454545454,0.2727272727272727,-1.0,-0.6363636363636364,0.6363636363636364,1.6363636363636365,0,2022,10,15
142,0,18,17,1,0,2,0,0,0,10,10,4,3,9,14,3,4,2,4,0,0,2.5,3.0,3.1,2.37,2.85,3.0,2223,21,34,11,8,16,8,11,14,0,0,0,1,2,1,0,2,0,1,0,73,7,4,0,0,0,0,0,0,0,0,-5,0,-3,3,11,-0.4545454545454545,0.0,-0.2727272727272727,0.2727272727272727,1.0,1.2727272727272727,1,2022,10,15
148,0,11,1,1,2,1,1,0,2,6,17,2,3,15,8,3,2,3,2,1,0,3.2,3.3,2.2,3.2,3.1,2.15,2223,39,26,4,9,15,8,1,15,1,2,1,1,1,0,1,2,1,2,202,74,0,10,0,0,1,1,0,0,0,0,-11,1,-14,-10,10,-1.1,0.1,-1.4,-1.0,0.1,1.5,0,2022,10,13
149,0,7,3,0,1,1,0,1,1,24,12,8,5,14,14,6,5,3,2,0,0,3.75,3.6,1.95,3.6,3.4,1.93,2223,25,31,10,12,9,6,12,21,1,2,1,2,0,2,0,2,2,0,280,75,5,13,0,0,0,0,0,0,0,0,1,6,-9,-8,10,0.1,0.6,-0.9,-0.8,1.2,2.1,0,2022,10,13
150,0,9,6,5,0,2,2,0,2,13,11,8,3,7,14,2,4,0,2,0,0,1.8,3.6,4.5,1.77,3.25,4.4,2223,27,37,13,7,5,12,14,8,2,1,1,2,2,0,0,1,0,0,34,37,8,5,0,0,0,0,0,0,0,0,8,-5,6,3,10,0.8,-0.5,0.6,0.3,1.4,0.8,1,2022,10,13
151,0,10,15,0,0,0,0,0,0,17,8,3,1,15,18,8,3,2,3,0,0,2.37,3.25,3.1,2.2,3.1,3.1,2223,38,24,7,9,9,6,10,15,0,0,2,2,1,1,1,0,1,2,155,66,4,8,0,0,1,0,0,0,0,0,-2,3,-5,-4,10,-0.2,0.3,-0.5,-0.4,1.0,1.5,0,2022,10,12
152,0,20,18,0,0,0,0,0,0,6,8,2,1,14,13,6,1,4,4,0,0,2.1,3.3,3.6,2.05,3.2,3.4,2223,20,21,8,10,5,15,16,10,0,0,2,2,0,0,2,0,0,0,23,76,9,7,0,0,0,0,0,0,0,0,3,-5,6,2,10,0.3,-0.5,0.6,0.2,1.6,1.0,0,2022,10,12
153,0,13,19,1,0,2,0,0,0,4,12,1,1,8,10,2,6,0,3,0,0,1.8,3.25,5.0,1.78,3.3,4.33,2223,30,33,11,7,6,10,18,8,2,1,1,2,2,1,0,1,2,1,99,3,10,3,0,0,0,0,0,0,1,0,5,-3,10,7,10,0.5,-0.3,1.0,0.7,1.8,0.8,1,2022,10,12
154,0,2,12,0,1,1,0,0,0,20,11,4,2,8,10,12,4,2,1,0,0,2.45,3.0,3.1,2.45,2.95,2.85,2223,22,23,10,12,5,7,12,19,1,2,1,2,1,1,2,2,2,2,241,2,6,12,0,0,0,0,0,0,0,0,5,5,-7,-6,10,0.5,0.5,-0.7,-0.6,1.2,1.9,0,2022,10,12
155,0,5,0,2,2,0,0,1,1,23,9,10,5,9,14,8,3,3,4,0,0,2.37,3.3,3.0,2.25,3.4,2.75,2223,40,35,7,7,8,13,12,6,0,0,1,1,2,0,0,1,2,2,179,77,8,5,0,0,0,0,0,0,0,0,-1,-6,6,3,10,-0.1,-0.6,0.6,0.3,1.2,0.6,0,2022,10,12
156,0,14,16,0,1,1,0,0,0,7,15,2,5,17,7,2,9,3,1,0,0,3.75,3.0,2.15,3.25,3.1,2.15,2223,32,29,7,9,11,6,9,17,1,2,1,2,2,2,0,1,1,1,16,78,4,9,0,0,0,0,0,0,0,0,-4,3,-8,-5,10,-0.4,0.3,-0.8,-0.5,0.9,1.7,0,2022,10,12
157,0,4,8,1,0,2,0,0,0,23,4,9,0,9,17,10,3,3,6,0,1,3.0,3.1,2.45,3.1,2.9,2.3,2223,36,41,5,9,6,10,10,11,2,1,0,2,0,1,0,2,0,1,20,79,7,6,0,0,0,0,0,0,0,0,-1,-1,-1,1,10,-0.1,-0.1,-0.1,0.1,1.0,1.1,1,2022,10,12
158,0,17,21,0,1,1,0,0,0,11,6,3,2,14,21,8,3,2,3,0,0,2.4,3.0,3.25,2.3,2.95,3.1,2223,34,28,7,5,7,6,13,12,1,2,1,0,2,0,1,2,1,1,142,50,3,8,0,0,0,0,0,0,0,0,0,-1,1,-5,10,0.0,-0.1,0.1,-0.5,1.3,1.2,0,2022,10,12
160,0,1,7,0,0,0,0,0,0,15,12,5,4,9,14,3,3,2,1,0,0,1.57,4.0,6.0,1.52,3.8,5.75,2223,26,25,7,10,7,8,12,12,1,1,0,0,2,0,2,2,0,0,55,80,8,6,0,0,0,0,0,0,0,0,0,2,0,2,9,0.0,0.2222222222222222,0.0,0.2222222222222222,1.3333333333333333,1.3333333333333333,0,2022,10,10
161,0,8,17,1,1,0,1,0,2,10,9,3,2,15,12,13,2,4,2,0,0,2.2,3.1,3.6,2.2,2.95,3.3,2223,41,34,9,7,9,6,11,13,2,1,1,2,2,1,1,1,1,2,148,81,6,6,0,0,0,0,0,0,0,0,0,1,-2,0,9,0.0,0.1111111111111111,-0.2222222222222222,0.0,1.2222222222222223,1.4444444444444444,0,2022,10,9
166,0,19,2,0,0,0,0,0,0,10,7,1,2,16,10,1,6,5,1,0,1,2.0,3.5,3.75,1.93,3.25,3.7,2223,33,22,7,10,9,4,8,12,2,1,1,1,1,2,1,2,0,1,138,1,4,6,0,0,0,0,0,0,0,0,-2,6,-4,-2,9,-0.2222222222222222,0.6666666666666666,-0.4444444444444444,-0.2222222222222222,0.8888888888888888,1.3333333333333333,0,2022,10,9
167,0,3,4,0,1,1,0,0,0,10,18,4,7,20,11,5,2,3,5,0,2,1.66,3.75,5.25,1.65,3.6,4.8,2223,31,36,11,4,6,6,18,7,2,0,2,0,2,0,0,0,2,2,237,82,13,7,0,0,0,0,0,0,0,0,5,-2,11,6,9,0.5555555555555556,-0.2222222222222222,1.2222222222222223,0.6666666666666666,2.0,0.7777777777777778,0,2022,10,9
168,0,18,10,1,1,0,0,0,0,4,13,2,5,11,15,5,13,1,1,1,0,2.25,3.3,3.25,2.25,3.0,3.1,2223,21,38,10,7,15,9,9,9,2,2,0,1,0,1,0,1,1,2,266,83,6,6,0,0,0,0,0,0,0,0,-5,-2,0,0,9,-0.5555555555555556,-0.2222222222222222,0.0,0.0,1.0,1.0,0,2022,10,9
169,0,15,13,1,2,1,0,0,0,17,9,7,5,16,11,4,2,3,4,0,0,2.2,3.25,3.4,2.2,3.0,3.25,2223,24,30,9,10,6,6,14,15,2,1,1,2,0,0,2,2,0,2,163,84,8,10,0,0,0,0,0,0,0,0,3,4,-1,-2,9,0.3333333333333333,0.4444444444444444,-0.1111111111111111,-0.2222222222222222,1.5555555555555556,1.6666666666666667,0,2022,10,9
170,0,16,11,0,0,0,0,0,0,25,3,6,2,15,18,14,3,0,7,0,0,1.61,4.0,5.5,1.6,3.5,5.25,2223,29,39,8,3,6,13,14,1,2,1,2,1,1,1,1,1,0,0,201,85,7,1,0,0,0,0,0,0,0,0,2,-10,13,6,9,0.2222222222222222,-1.1111111111111112,1.4444444444444444,0.6666666666666666,1.5555555555555556,0.1111111111111111,0,2022,10,8
173,0,0,9,0,0,0,0,0,0,12,13,0,3,12,13,9,2,0,0,0,0,3.0,3.3,2.37,2.75,3.2,2.37,2223,35,27,5,8,11,5,5,11,1,1,0,2,1,0,2,0,1,1,218,36,4,5,0,0,0,0,0,0,0,0,-6,3,-6,-1,9,-0.6666666666666666,0.3333333333333333,-0.6666666666666666,-0.1111111111111111,0.5555555555555556,1.2222222222222223,0,2022,10,8
174,0,21,14,1,1,0,0,0,0,13,12,4,3,7,15,6,3,1,4,1,0,1.72,3.6,5.25,1.71,3.4,4.6,2223,28,32,4,7,6,10,9,9,0,1,0,2,2,0,1,1,2,0,177,37,8,5,0,0,0,0,0,0,0,0,-2,-3,0,3,9,-0.2222222222222222,-0.3333333333333333,0.0,0.3333333333333333,1.0,1.0,0,2022,10,8
176,0,12,20,3,0,2,0,0,0,11,8,5,3,18,12,2,6,3,2,0,0,2.9,3.1,2.5,2.8,2.9,2.5,2223,23,20,11,8,7,5,16,15,2,2,1,0,2,2,2,0,1,2,188,86,9,11,0,0,0,0,0,0,0,0,4,3,1,-2,9,0.4444444444444444,0.3333333333333333,0.1111111111111111,-0.2222222222222222,1.7777777777777777,1.6666666666666667,1,2022,10,8
179,0,6,5,3,1,2,2,0,2,11,11,5,1,11,12,6,10,1,1,0,0,1.83,3.6,4.33,1.82,3.3,4.1,2223,37,40,7,5,7,6,8,11,2,1,0,2,1,0,0,2,0,1,268,87,6,7,0,0,0,0,0,0,0,0,0,-1,-3,-1,9,0.0,-0.1111111111111111,-0.3333333333333333,-0.1111111111111111,0.8888888888888888,1.2222222222222223,1,2022,10,7
180,0,8,1,0,0,0,0,0,0,10,3,3,1,14,12,5,1,2,8,0,2,2.75,3.1,2.7,2.65,2.9,2.65,2223,41,26,7,7,8,5,8,12,1,0,2,2,1,2,1,0,0,0,154,88,4,9,0,0,0,0,0,0,0,0,-1,2,-4,-5,8,-0.125,0.25,-0.5,-0.625,1.0,1.5,0,2022,10,3
182,0,17,15,1,3,1,0,2,1,6,14,3,9,6,9,7,7,2,2,0,0,2.15,3.25,3.6,2.1,3.1,3.4,2223,34,24,7,7,5,6,13,11,2,1,1,0,1,2,2,0,0,1,229,89,7,5,0,0,0,0,0,0,0,0,2,1,2,2,8,0.25,0.125,0.25,0.25,1.625,1.375,0,2022,10,2
183,0,11,14,3,2,2,2,1,2,15,17,4,3,13,8,5,7,3,2,0,0,1.9,3.4,4.2,1.85,3.2,4.0,2223,39,32,3,5,11,7,1,9,1,2,1,0,1,1,0,0,1,1,185,90,1,5,0,0,0,0,0,0,0,0,-8,-2,-8,-4,8,-1.0,-0.25,-1.0,-0.5,0.125,1.125,1,2022,10,2
184,0,9,21,0,0,0,0,0,0,10,9,2,1,13,14,8,1,1,5,1,0,1.66,3.6,5.75,1.68,3.4,4.75,2223,27,28,8,4,3,6,11,8,2,0,0,2,0,1,1,2,2,1,104,91,8,7,0,0,0,0,0,0,0,0,5,-2,3,1,8,0.625,-0.25,0.375,0.125,1.375,1.0,0,2022,10,2
185,0,13,18,1,2,1,1,0,2,10,15,5,5,23,11,1,6,4,0,0,0,1.9,3.25,4.5,1.88,3.1,4.1,2223,30,21,9,9,4,15,15,6,2,0,0,0,2,0,2,1,0,1,225,92,11,3,0,0,0,0,0,0,0,0,5,-6,9,8,8,0.625,-0.75,1.125,1.0,1.875,0.75,0,2022,10,2
186,0,20,0,3,1,2,2,1,2,16,10,9,3,16,8,6,3,2,3,0,0,1.9,3.4,4.2,1.95,3.2,3.7,2223,20,35,7,5,5,10,12,5,0,0,2,1,0,2,2,1,0,0,23,93,9,5,0,0,0,0,0,0,0,0,2,-5,7,4,8,0.25,-0.625,0.875,0.5,1.5,0.625,1,2022,10,2
194,0,5,12,0,0,0,0,0,0,10,11,3,1,14,11,4,1,1,1,0,0,2.05,3.3,3.8,2.05,3.1,3.5,2223,40,23,4,9,4,6,11,13,2,1,0,2,2,2,1,1,2,2,48,21,10,9,0,0,0,0,0,0,0,0,0,3,-2,1,8,0.0,0.375,-0.25,0.125,1.375,1.625,0,2022,10,1
195,0,2,3,3,1,2,0,1,1,11,12,5,3,5,24,3,2,2,4,0,0,3.4,3.3,2.15,3.4,3.1,2.05,2223,22,31,10,9,3,5,12,15,1,2,2,2,2,0,1,2,2,0,21,6,9,11,0,0,0,0,0,0,0,0,7,4,-3,-2,8,0.875,0.5,-0.375,-0.25,1.5,1.875,1,2022,10,1
196,0,4,19,0,0,0,0,0,0,14,6,3,4,14,12,4,1,2,2,0,0,2.4,3.2,3.1,2.35,3.0,2.95,2223,36,33,4,4,6,7,6,5,0,1,0,1,0,1,2,0,1,0,60,25,6,2,0,0,0,0,0,0,0,0,-2,-3,1,4,8,-0.25,-0.375,0.125,0.5,0.75,0.625,0,2022,10,1
197,0,7,16,3,3,0,1,1,0,13,7,4,4,22,9,3,2,3,4,0,0,3.3,3.25,2.2,3.2,3.2,2.15,2223,25,29,9,7,6,6,12,11,0,2,0,1,2,1,0,0,2,0,263,94,9,5,0,0,0,0,0,0,0,0,3,1,1,4,8,0.375,0.125,0.125,0.5,1.5,1.375,0,2022,10,1
199,0,10,6,1,1,0,0,1,1,16,12,5,6,8,13,11,6,2,3,0,0,2.2,3.1,3.6,2.15,2.9,3.4,2223,38,37,5,5,9,7,6,5,1,0,1,1,1,0,2,0,2,0,241,95,6,4,0,0,0,0,0,0,0,0,-4,-2,1,2,8,-0.5,-0.25,0.125,0.25,0.75,0.625,0,2022,9,30
201,0,16,9,2,0,2,1,0,2,14,9,5,1,11,13,4,8,3,3,0,0,2.25,3.3,3.2,2.3,2.95,3.0,2223,29,27,6,7,6,3,8,8,1,0,1,0,0,1,0,2,2,1,280,57,5,5,0,0,0,0,0,0,0,0,0,4,0,0,7,0.0,0.5714285714285714,0.0,0.0,1.1428571428571428,1.1428571428571428,1,2022,9,26
202,0,15,20,1,1,0,1,0,2,18,6,6,1,14,11,9,3,3,1,0,0,2.6,3.3,2.7,2.55,3.1,2.6,2223,24,20,7,7,5,5,11,11,0,2,2,0,0,2,1,0,2,2,246,86,8,11,0,0,0,0,0,0,0,0,2,2,0,-3,7,0.2857142857142857,0.2857142857142857,0.0,-0.4285714285714285,1.5714285714285714,1.5714285714285714,0,2022,9,26
203,0,12,3,0,0,0,0,0,0,12,16,2,4,13,13,3,9,1,3,0,0,3.5,3.1,2.25,3.3,2.95,2.2,2223,23,31,9,7,4,4,13,12,2,2,2,0,1,2,2,0,0,0,26,96,10,9,0,0,0,0,0,0,0,0,5,3,1,1,7,0.7142857142857143,0.4285714285714285,0.1428571428571428,0.1428571428571428,1.8571428571428568,1.7142857142857142,0,2022,9,25
204,0,18,2,1,1,0,0,0,0,10,6,4,2,19,20,5,4,1,3,0,1,1.9,3.6,4.0,1.9,3.2,3.9,2223,21,22,8,10,14,2,5,12,0,2,0,2,1,1,1,2,2,2,285,2,5,12,0,0,0,0,0,0,0,0,-6,8,-7,-7,7,-0.8571428571428571,1.1428571428571428,-1.0,-1.0,0.7142857142857143,1.7142857142857142,0,2022,9,25
205,0,1,4,2,1,2,2,0,2,12,8,5,3,20,20,2,3,1,3,0,0,1.61,3.6,6.5,1.57,3.6,5.75,2223,26,36,6,3,4,5,11,5,2,0,2,0,0,2,0,1,1,1,9,97,8,5,0,0,0,0,0,0,0,0,2,-2,6,3,7,0.2857142857142857,-0.2857142857142857,0.8571428571428571,0.4285714285714285,1.5714285714285714,0.7142857142857143,1,2022,9,25
206,0,14,17,0,0,0,0,0,0,13,12,4,2,15,11,3,6,2,2,0,0,3.3,2.9,2.37,3.1,3.0,2.25,2223,32,34,3,6,7,5,6,10,0,1,1,1,0,2,1,0,0,2,298,31,3,7,0,0,0,0,0,0,0,0,-4,1,-4,-4,7,-0.5714285714285714,0.1428571428571428,-0.5714285714285714,-0.5714285714285714,0.8571428571428571,1.4285714285714286,0,2022,9,25
207,0,21,13,1,0,2,1,0,2,8,17,3,2,12,7,3,6,3,2,0,0,2.45,3.2,3.1,2.3,3.0,3.0,2223,28,30,3,7,5,3,7,12,2,0,1,2,2,2,1,0,0,2,194,22,7,11,0,0,0,0,0,0,0,0,-2,4,-5,-4,7,-0.2857142857142857,0.5714285714285714,-0.7142857142857143,-0.5714285714285714,1.0,1.7142857142857142,1,2022,9,24
208,0,7,8,2,0,2,1,0,2,18,12,7,4,12,12,4,5,3,1,0,0,2.87,3.3,2.5,2.8,3.1,2.4,2223,25,41,8,7,5,7,11,8,0,2,2,1,0,1,2,0,1,0,165,94,8,5,0,0,0,0,0,0,0,0,3,0,3,3,7,0.4285714285714285,0.0,0.4285714285714285,0.4285714285714285,1.5714285714285714,1.1428571428571428,1,2022,9,24
209,0,19,5,1,1,0,1,1,0,15,7,7,2,16,18,3,4,3,3,0,0,2.2,3.4,3.3,2.2,3.1,3.1,2223,33,40,4,3,6,4,5,8,1,0,1,2,0,1,0,2,2,1,280,91,5,7,0,0,0,0,0,0,0,0,-2,-1,-3,-2,7,-0.2857142857142857,-0.1428571428571428,-0.4285714285714285,-0.2857142857142857,0.7142857142857143,1.1428571428571428,0,2022,9,24
210,0,0,10,2,2,0,1,1,0,14,10,6,4,21,15,1,4,4,1,0,1,2.75,3.3,2.6,2.65,3.1,2.5,2223,35,38,4,4,9,7,4,6,1,1,2,1,1,2,0,2,1,1,101,1,4,6,0,0,0,0,0,0,0,0,-5,-3,-2,-2,7,-0.7142857142857143,-0.4285714285714285,-0.2857142857142857,-0.2857142857142857,0.5714285714285714,0.8571428571428571,0,2022,9,24
211,0,6,11,2,1,2,1,1,0,8,11,4,5,13,12,1,4,2,3,0,0,1.9,3.3,4.33,1.87,3.2,4.1,2223,37,39,5,2,7,9,4,1,1,1,0,1,0,0,0,1,0,1,161,98,4,1,0,0,0,0,0,0,0,0,-2,-7,3,3,7,-0.2857142857142857,-1.0,0.4285714285714285,0.4285714285714285,0.5714285714285714,0.1428571428571428,1,2022,9,23
212,0,10,19,3,1,2,1,1,0,20,8,6,3,15,12,4,3,1,5,0,1,2.0,3.3,4.0,1.98,3.1,3.6,2223,38,33,4,4,5,5,6,5,1,1,2,0,2,0,1,2,1,1,226,51,6,5,0,0,0,0,0,0,0,0,-1,-1,1,1,6,-0.1666666666666666,-0.1666666666666666,0.1666666666666666,0.1666666666666666,1.0,0.8333333333333334,1,2022,9,19
213,0,13,12,0,0,0,0,0,0,14,8,2,3,15,21,4,0,1,1,0,0,1.9,3.2,4.5,1.9,3.1,3.9,2223,30,23,7,7,3,4,11,10,2,2,2,1,0,2,2,0,0,2,6,99,11,10,0,0,0,0,0,0,0,0,4,3,1,1,6,0.6666666666666666,0.5,0.1666666666666666,0.1666666666666666,1.8333333333333333,1.6666666666666667,0,2022,9,18
214,0,18,0,0,1,1,0,0,0,18,5,6,2,14,14,5,0,2,6,1,0,2.1,3.25,3.75,2.05,3.2,3.3,2223,21,35,8,4,14,6,4,4,0,2,1,1,1,0,2,1,1,1,73,27,4,4,0,0,0,0,0,0,0,0,-6,-2,0,0,6,-1.0,-0.3333333333333333,0.0,0.0,0.6666666666666666,0.6666666666666666,0,2022,9,18
216,0,4,16,0,0,0,0,0,0,11,25,2,3,11,10,5,7,3,3,1,0,3.3,3.1,2.37,3.0,3.0,2.3,2223,36,29,3,6,5,5,4,8,0,1,2,0,1,0,1,2,1,2,155,100,4,8,0,0,1,0,0,0,0,0,-2,1,-4,-4,6,-0.3333333333333333,0.1666666666666666,-0.6666666666666666,-0.6666666666666666,0.6666666666666666,1.3333333333333333,0,2022,9,18
221,0,20,21,2,1,2,1,0,2,13,11,5,3,11,12,6,4,1,2,0,0,2.0,3.25,4.2,1.9,3.3,3.6,2223,20,28,5,2,4,5,8,4,0,1,2,2,0,1,2,0,1,1,165,101,8,4,0,0,0,0,0,0,0,0,1,-3,4,4,6,0.1666666666666666,-0.5,0.6666666666666666,0.6666666666666666,1.3333333333333333,0.6666666666666666,1,2022,9,18
222,0,5,14,3,1,2,1,0,2,13,9,7,4,14,14,2,4,0,5,0,1,1.85,3.4,4.75,1.85,3.3,3.9,2223,40,32,3,3,4,7,7,5,2,1,1,0,2,1,1,0,0,2,194,102,7,5,0,0,0,0,0,0,0,0,-1,-4,2,2,6,-0.1666666666666666,-0.6666666666666666,0.3333333333333333,0.3333333333333333,1.1666666666666667,0.8333333333333334,1,2022,9,17
224,0,17,11,0,1,1,0,0,0,11,8,1,1,8,16,9,6,4,4,0,1,1.8,3.4,5.25,1.77,3.25,4.5,2223,34,39,5,2,3,7,10,1,1,1,2,0,0,1,2,1,2,1,84,103,10,1,0,0,0,0,0,0,1,0,2,-5,9,9,6,0.3333333333333333,-0.8333333333333334,1.5,1.5,1.6666666666666667,0.1666666666666666,0,2022,9,17
225,0,2,1,2,0,2,1,0,2,14,7,10,1,12,12,11,1,2,3,0,0,3.25,3.2,2.3,2.9,3.0,2.35,2223,22,26,7,5,2,4,9,8,2,2,1,0,2,0,2,1,1,2,188,104,9,8,0,0,0,0,0,0,0,0,5,1,1,1,6,0.8333333333333334,0.1666666666666666,0.1666666666666666,0.1666666666666666,1.5,1.3333333333333333,1,2022,9,17
226,0,9,7,2,1,2,1,0,2,13,3,2,1,12,11,10,3,4,2,0,1,1.5,4.0,7.0,1.5,4.0,5.75,2223,27,25,7,8,3,5,7,10,0,2,1,0,2,2,1,1,2,2,207,48,7,10,0,0,0,0,0,0,0,0,4,3,-3,-3,6,0.6666666666666666,0.5,-0.5,-0.5,1.1666666666666667,1.6666666666666667,1,2022,9,17
227,0,8,6,1,0,2,0,0,0,10,11,3,1,8,10,4,4,2,4,0,0,2.25,3.1,3.5,2.25,3.0,3.1,2223,41,37,5,5,7,6,5,4,1,0,1,0,0,0,0,0,2,1,280,105,5,4,0,0,0,0,0,0,0,0,-2,-1,1,1,6,-0.3333333333333333,-0.1666666666666666,0.1666666666666666,0.1666666666666666,0.8333333333333334,0.6666666666666666,1,2022,9,17
231,0,3,15,0,1,1,0,1,1,10,5,5,2,20,17,3,2,2,4,0,0,1.7,4.0,4.75,1.65,3.75,4.5,2223,31,24,6,7,4,5,9,10,0,2,2,0,0,1,0,2,2,2,282,106,9,10,0,0,0,0,0,0,0,0,2,2,-1,-1,6,0.3333333333333333,0.3333333333333333,-0.1666666666666666,-0.1666666666666666,1.5,1.6666666666666667,0,2022,9,16
233,0,1,9,4,0,2,1,0,2,14,8,8,1,13,14,7,0,2,1,0,0,2.7,3.1,2.8,2.55,2.95,2.65,2223,26,27,4,7,4,3,5,6,0,1,0,2,1,1,2,2,3,3,352,107,5,6,0,0,0,0,0,0,0,0,0,4,-1,-1,5,0.0,0.8,-0.2,-0.2,1.0,1.2,1,2022,9,12
239,0,6,4,0,2,1,0,1,1,15,12,6,5,14,16,4,4,4,5,0,0,1.55,4.0,6.5,1.57,3.5,5.5,2223,37,36,3,2,4,4,3,3,0,2,0,1,0,1,1,1,3,3,360,108,3,3,0,0,0,0,0,0,0,0,-1,-2,0,0,5,-0.2,-0.4,0.0,0.0,0.6,0.6,0,2022,9,11
240,0,11,10,1,0,2,0,0,0,8,8,2,1,15,13,5,3,5,3,0,0,2.9,3.2,2.5,2.8,2.9,2.45,2223,39,38,2,4,5,4,1,6,0,2,1,2,1,1,1,1,3,3,253,109,1,6,0,0,0,0,0,0,0,0,-3,0,-5,-5,5,-0.6,0.0,-1.0,-1.0,0.2,1.2,1,2022,9,11
241,0,7,2,1,1,0,1,0,2,10,14,4,6,10,8,3,5,0,1,0,1,2.25,3.3,3.3,2.2,3.2,3.0,2223,25,22,7,5,5,2,7,6,0,1,2,2,1,2,2,1,3,3,325,110,7,6,0,0,0,0,0,0,0,0,2,3,1,1,5,0.4,0.6,0.2,0.2,1.4,1.2,0,2022,9,11
242,0,0,8,1,2,1,1,1,0,10,12,4,6,14,14,1,6,2,0,0,0,2.45,3.1,3.1,2.35,3.0,2.85,2223,35,41,3,5,6,5,1,5,1,1,0,0,1,0,1,2,3,3,347,111,1,5,0,0,0,0,0,0,0,0,-3,0,-4,-4,5,-0.6,0.0,-0.8,-0.8,0.2,1.0,0,2022,9,11
243,0,21,19,1,0,2,0,0,0,8,11,2,1,12,11,5,3,1,2,0,0,1.9,3.4,4.2,1.93,3.2,3.7,2223,28,33,2,3,4,3,4,5,2,0,1,0,0,2,1,1,3,3,308,112,4,5,0,0,0,0,0,0,0,0,-2,0,-1,-1,5,-0.4,0.0,-0.2,-0.2,0.8,1.0,1,2022,9,11
244,0,3,5,4,1,2,1,0,2,13,13,6,3,12,10,5,2,5,3,0,0,1.57,4.0,5.75,1.57,3.75,5.0,2223,31,40,6,1,4,3,8,4,2,1,0,2,0,1,2,0,3,3,358,113,8,4,0,0,0,0,0,0,0,0,2,-2,4,4,5,0.4,-0.4,0.8,0.8,1.6,0.8,1,2022,9,10
245,0,15,18,2,1,2,0,0,0,12,11,8,4,18,18,2,2,3,1,0,0,2.2,3.25,3.4,2.1,3.1,3.2,2223,24,21,5,6,4,12,7,3,0,1,1,1,2,2,2,1,3,3,286,114,7,3,0,0,0,0,0,0,0,0,1,-6,4,4,5,0.2,-1.2,0.8,0.8,1.4,0.6,1,2022,9,10
246,0,12,17,0,0,0,0,0,0,16,7,6,2,10,14,9,6,1,1,0,0,2.8,3.0,2.75,2.75,2.75,2.65,2223,23,34,5,4,4,1,7,10,1,2,2,0,0,2,2,2,3,3,311,115,7,10,0,0,0,0,0,0,0,0,1,3,-3,-3,5,0.2,0.6,-0.6,-0.6,1.4,2.0,0,2022,9,10
250,0,14,20,1,2,1,1,0,2,14,20,3,7,18,14,3,11,3,6,1,1,3.3,3.2,2.3,3.1,2.9,2.25,2223,32,20,3,4,6,3,5,7,0,2,1,0,0,2,2,1,3,3,109,116,5,7,0,0,0,0,0,0,0,0,-3,1,-2,-2,5,-0.6,0.2,-0.4,-0.4,1.0,1.4,0,2022,9,10
253,0,16,13,1,0,2,1,0,2,7,3,3,1,13,11,4,1,3,4,0,0,1.9,3.4,4.2,1.88,3.1,4.0,2223,29,30,6,5,3,3,8,8,0,2,0,0,2,2,2,0,3,3,251,117,8,8,0,0,0,0,0,0,0,0,3,2,0,0,5,0.6,0.4,0.0,0.0,1.6,1.6,1,2022,9,9
254,0,17,3,1,1,0,1,0,2,14,7,5,1,14,16,3,3,3,8,0,1,2.75,3.1,2.75,2.6,2.95,2.6,2223,34,31,3,3,1,2,7,5,0,0,2,0,2,2,3,3,3,3,124,118,7,5,0,0,0,0,0,0,0,0,2,1,2,2,4,0.5,0.25,0.5,0.5,1.75,1.25,0,2022,9,5
256,0,8,14,1,2,1,1,0,2,12,11,4,2,13,11,9,2,3,1,0,0,1.8,3.5,4.75,1.75,3.25,4.5,2223,41,32,5,2,4,5,5,4,0,1,0,0,2,2,3,3,3,3,118,119,5,4,0,0,0,0,0,0,0,0,1,-3,1,1,4,0.25,-0.75,0.25,0.25,1.25,1.0,0,2022,9,4
257,0,21,11,3,0,2,1,0,2,12,6,4,1,16,14,2,1,3,2,0,0,1.95,3.4,4.0,1.98,3.1,3.6,2223,28,39,1,1,4,4,1,0,1,1,0,1,1,1,3,3,3,3,316,120,1,0,0,0,0,0,0,0,0,0,-3,-3,1,1,4,-0.75,-0.75,0.25,0.25,0.25,0.0,1,2022,9,4
258,0,12,15,1,0,2,1,0,2,11,17,3,4,19,7,4,10,1,1,0,0,2.7,3.1,2.8,2.45,2.95,2.75,2223,23,24,5,4,3,3,7,6,2,1,0,2,2,2,3,3,3,3,306,121,7,6,0,0,0,0,0,0,0,0,2,1,1,1,4,0.5,0.25,0.25,0.25,1.75,1.5,1,2022,9,4
259,0,19,18,1,2,1,1,2,1,18,8,7,6,11,19,7,4,2,6,0,0,2.1,3.25,3.75,2.0,3.1,3.5,2223,33,21,2,4,2,9,4,3,0,1,2,2,1,1,3,3,3,3,323,122,4,3,0,0,0,0,0,0,0,0,0,-5,1,1,4,0.0,-1.25,0.25,0.25,1.0,0.75,0,2022,9,4
260,0,2,9,1,0,2,1,0,2,6,17,2,3,13,13,2,4,1,2,0,0,3.4,3.2,2.2,3.1,3.0,2.2,2223,22,27,5,7,1,2,6,6,2,2,2,1,1,2,3,3,3,3,293,123,6,6,0,0,0,0,0,0,0,0,4,5,0,0,4,1.0,1.25,0.0,0.0,1.5,1.5,1,2022,9,4
265,0,20,16,1,1,0,1,0,2,7,6,3,1,26,15,1,3,0,2,0,0,2.2,3.2,3.4,2.15,3.0,3.2,2223,20,29,3,5,3,2,4,7,0,0,2,2,1,2,3,3,3,3,323,124,4,7,0,0,0,0,0,0,0,0,0,3,-3,-3,4,0.0,0.75,-0.75,-0.75,1.0,1.75,0,2022,9,3
266,0,10,4,1,0,2,0,0,0,11,10,4,2,19,17,2,4,2,4,0,1,1.75,3.75,4.75,1.7,3.3,4.75,2223,38,36,3,1,4,4,3,0,2,1,1,1,1,1,3,3,3,3,258,120,3,0,0,0,0,0,0,0,0,0,-1,-3,3,3,4,-0.25,-0.75,0.75,0.75,0.75,0.0,1,2022,9,3
267,0,0,6,1,3,1,0,2,1,13,8,5,4,12,13,5,6,5,0,0,0,2.7,3.3,2.62,2.5,3.1,2.55,2223,35,37,2,2,4,3,1,2,0,0,1,0,1,1,3,3,3,3,315,125,1,2,0,0,0,0,0,0,0,0,-2,-1,-1,-1,4,-0.5,-0.25,-0.25,-0.25,0.25,0.5,0,2022,9,3
268,0,5,7,3,0,2,1,0,2,17,8,6,1,15,18,7,3,3,4,0,1,2.2,3.3,3.4,2.05,3.25,3.2,2223,40,25,1,6,2,4,4,6,2,2,1,1,0,2,3,3,3,3,305,123,4,6,0,0,0,0,0,0,0,0,-1,2,-2,-2,4,-0.25,0.5,-0.5,-0.5,1.0,1.5,1,2022,9,3
273,0,13,1,2,1,2,1,0,2,10,12,6,3,17,13,4,5,4,2,0,1,2.45,3.0,3.25,2.4,2.85,2.95,2223,30,26,3,3,2,3,5,4,0,0,2,1,0,2,3,3,3,3,317,126,5,4,0,0,0,0,0,0,0,0,1,0,1,1,4,0.25,0.0,0.25,0.25,1.25,1.0,1,2022,9,2
275,0,16,2,2,0,2,1,0,2,8,7,5,3,16,15,3,5,3,1,0,0,1.7,3.6,5.5,1.68,3.4,4.6,2223,29,22,4,1,1,1,6,3,2,2,2,1,3,3,3,3,3,3,129,127,6,3,0,0,0,0,0,0,0,0,3,0,3,3,3,1.0,0.0,1.0,1.0,2.0,1.0,1,2022,8,29
276,0,9,5,3,0,2,2,0,2,6,6,4,0,17,11,4,2,2,2,0,0,1.6,3.8,6.25,1.61,3.6,5.0,2223,27,40,3,0,2,2,3,1,1,1,2,0,3,3,3,3,3,3,262,128,3,1,0,0,0,0,0,0,0,0,1,-2,2,2,3,0.3333333333333333,-0.6666666666666666,0.6666666666666666,0.6666666666666666,1.0,0.3333333333333333,1,2022,8,29
282,0,4,17,0,1,1,0,0,0,10,10,1,4,8,24,7,5,3,3,0,0,2.87,3.0,2.7,2.75,2.87,2.55,2223,36,34,1,2,3,0,0,6,1,2,1,2,3,3,3,3,3,3,130,129,0,6,0,0,0,0,0,0,0,0,-2,2,-6,-6,3,-0.6666666666666666,0.6666666666666666,-2.0,-2.0,0.0,2.0,0,2022,8,28
283,0,1,0,1,0,2,1,0,2,12,9,5,1,16,10,10,4,4,3,0,0,1.65,3.75,5.25,1.65,3.5,4.75,2223,26,35,3,1,3,3,3,0,1,1,2,1,3,3,3,3,3,3,262,130,3,0,0,0,0,0,0,0,0,0,0,-2,3,3,3,0.0,-0.6666666666666666,1.0,1.0,1.0,0.0,1,2022,8,28
284,0,11,20,1,1,0,1,0,2,16,11,2,3,15,16,8,3,4,2,0,0,3.0,3.3,2.4,2.8,3.1,2.35,2223,39,20,1,3,3,3,0,3,1,2,1,1,3,3,3,3,3,3,130,127,0,3,0,0,0,0,0,0,0,0,-2,0,-3,-3,3,-0.6666666666666666,0.0,-1.0,-1.0,0.0,1.0,0,2022,8,28
285,0,3,10,2,0,2,1,0,2,9,7,6,1,16,11,3,3,2,7,0,1,1.9,3.4,4.5,1.85,3.1,4.0,2223,31,38,2,1,1,4,4,0,0,1,2,1,3,3,3,3,3,3,131,130,4,0,0,0,0,0,0,0,0,0,1,-3,4,4,3,0.3333333333333333,-1.0,1.3333333333333333,1.3333333333333333,1.3333333333333333,0.0,1,2022,8,27
287,0,6,12,0,0,0,0,0,0,18,7,2,1,13,15,3,4,1,2,0,0,1.8,3.4,5.0,1.8,3.2,4.2,2223,37,23,0,4,1,3,1,4,0,0,1,2,3,3,3,3,3,3,133,131,1,4,0,0,0,0,0,0,0,0,-1,1,-3,-3,3,-0.3333333333333333,0.3333333333333333,-1.0,-1.0,0.3333333333333333,1.3333333333333333,0,2022,8,27
288,0,14,13,1,0,2,1,0,2,10,21,3,7,15,12,2,17,3,1,0,0,3.1,2.9,2.6,2.87,2.87,2.4,2223,32,30,2,1,1,0,4,4,0,2,2,0,3,3,3,3,3,3,131,132,4,4,0,0,0,0,0,0,0,0,1,1,0,0,3,0.3333333333333333,0.3333333333333333,0.0,0.0,1.3333333333333333,1.3333333333333333,1,2022,8,27
289,0,7,19,1,3,1,0,1,1,17,17,3,6,8,9,5,4,3,4,0,0,2.4,3.1,3.2,2.25,3.1,3.0,2223,25,33,4,1,3,1,3,3,1,2,2,1,3,3,3,3,3,3,262,127,3,3,0,0,0,0,0,0,0,0,1,0,0,0,3,0.3333333333333333,0.0,0.0,0.0,1.0,1.0,0,2022,8,27
293,0,18,21,2,1,2,1,0,2,14,11,7,3,12,11,8,3,2,2,0,1,2.45,3.1,3.1,2.45,2.9,2.8,2223,21,28,4,1,5,2,3,1,2,0,1,1,3,3,3,3,3,3,127,133,3,1,0,0,0,0,0,0,0,0,-1,-1,2,2,3,-0.3333333333333333,-0.3333333333333333,0.6666666666666666,0.6666666666666666,1.0,0.3333333333333333,1,2022,8,26
295,0,15,8,1,0,2,0,0,0,7,12,3,4,14,8,4,6,4,6,1,1,2.55,3.1,3.0,2.45,2.9,2.8,2223,24,41,3,4,1,3,6,4,2,0,2,2,3,3,3,3,3,3,129,131,6,4,0,0,0,0,0,0,0,0,2,1,2,2,3,0.6666666666666666,0.3333333333333333,0.6666666666666666,0.6666666666666666,2.0,1.3333333333333333,1,2022,8,26
298,0,0,11,2,1,2,1,1,0,21,8,7,3,9,18,4,4,2,3,0,0,2.1,3.3,3.6,2.05,3.1,3.4,2223,35,39,1,1,2,2,0,0,1,1,3,3,3,3,3,3,3,3,134,134,0,0,0,0,0,0,0,0,0,0,-1,-1,0,0,2,-0.5,-0.5,0.0,0.0,0.0,0.0,1,2022,8,22
299,0,19,16,0,4,1,0,1,1,10,17,5,7,17,9,1,3,1,1,0,0,2.62,3.1,2.87,2.5,2.87,2.75,2223,33,29,0,1,1,0,0,3,1,2,3,3,3,3,3,3,3,3,134,135,0,3,0,0,0,0,0,0,0,0,-1,1,-3,-3,2,-0.5,0.5,-1.5,-1.5,0.0,1.5,0,2022,8,22
300,0,17,13,1,0,2,0,0,0,11,5,5,0,16,10,4,2,5,3,0,1,2.05,3.1,4.2,1.95,2.95,4.0,2223,34,30,1,0,0,0,3,1,2,0,3,3,3,3,3,3,3,3,135,136,3,1,0,0,0,0,0,0,0,0,1,0,2,2,2,0.5,0.0,1.0,1.0,1.5,0.5,1,2022,8,21
304,0,21,15,2,3,1,1,1,0,8,9,1,4,15,17,2,4,3,3,0,0,2.0,3.3,4.0,1.98,3.1,3.5,2223,28,24,1,1,2,0,0,3,1,2,3,3,3,3,3,3,3,3,134,135,0,3,0,0,0,0,0,0,0,0,-1,1,-3,-3,2,-0.5,0.5,-1.5,-1.5,0.0,1.5,0,2022,8,21
305,0,10,14,1,1,0,1,0,2,23,7,8,2,16,14,3,2,3,1,1,1,1.61,3.5,6.5,1.58,3.4,5.75,2223,38,32,0,1,1,0,0,3,1,2,3,3,3,3,3,3,3,3,134,135,0,3,0,0,0,0,0,0,0,0,-1,1,-3,-3,2,-0.5,0.5,-1.5,-1.5,0.0,1.5,0,2022,8,21
306,0,6,2,4,1,2,1,0,2,13,7,6,2,15,7,2,4,0,0,0,0,1.72,3.6,5.0,1.72,3.3,4.5,2223,37,22,0,0,1,1,0,0,1,1,3,3,3,3,3,3,3,3,134,134,0,0,0,0,0,0,0,0,0,0,-1,-1,0,0,2,-0.5,-0.5,0.0,0.0,0.0,0.0,1,2022,8,20
310,0,9,4,2,0,2,0,0,0,10,5,3,1,17,16,5,6,2,1,0,0,1.55,3.8,6.5,1.52,3.7,5.75,2223,27,36,3,0,1,1,3,0,2,1,3,3,3,3,3,3,3,3,135,134,3,0,0,0,0,0,0,0,0,0,2,-1,3,3,2,1.0,-0.5,1.5,1.5,1.5,0.0,1,2022,8,20
311,0,18,12,0,0,0,0,0,0,13,8,2,0,19,11,6,1,2,2,1,0,2.2,3.1,3.6,2.1,2.9,3.4,2223,21,23,2,2,4,1,0,3,1,2,3,3,3,3,3,3,3,3,134,135,0,3,0,0,0,0,0,0,0,0,-2,1,-3,-3,2,-1.0,0.5,-1.5,-1.5,0.0,1.5,0,2022,8,20
312,0,8,3,0,0,0,0,0,0,11,7,6,1,10,8,5,7,0,1,0,0,3.0,3.3,2.45,2.85,3.0,2.35,2223,41,31,2,1,1,0,3,3,2,2,3,3,3,3,3,3,3,3,135,135,3,3,0,0,0,0,0,0,0,0,1,1,0,0,2,0.5,0.5,0.0,0.0,1.5,1.5,0,2022,8,20
313,0,5,1,2,2,0,2,1,2,13,14,5,3,11,15,2,6,7,7,1,1,3.0,3.2,2.45,2.9,2.95,2.35,2223,40,26,0,2,0,1,1,3,0,2,3,3,3,3,3,3,3,3,136,135,1,3,0,0,0,0,0,0,0,0,0,1,-2,-2,2,0.0,0.5,-1.0,-1.0,0.5,1.5,0,2022,8,19
314,0,20,7,1,0,2,1,0,2,15,12,5,1,13,12,3,6,2,3,0,0,1.66,3.75,5.25,1.66,3.5,4.75,2223,20,25,1,4,3,2,0,3,1,2,3,3,3,3,3,3,3,3,134,135,0,3,0,0,0,0,0,0,0,0,-2,2,-3,-3,2,-1.0,1.0,-1.5,-1.5,0.0,1.5,1,2022,8,19
317,0,17,2,0,1,1,0,0,0,10,7,3,4,13,11,5,3,1,1,1,0,1.66,3.5,5.75,1.65,3.3,5.0,2223,34,22,0,0,0,0,0,0,3,3,3,3,3,3,3,3,3,3,137,137,0,0,0,0,0,0,0,0,0,0,0,0,0,0,1,0.0,0.0,0.0,0.0,0.0,0.0,0,2022,8,15
318,0,14,18,1,2,1,1,1,0,7,19,3,5,14,7,2,11,4,3,0,0,2.2,3.2,3.5,2.1,3.0,3.4,2223,32,21,0,0,0,0,0,0,3,3,3,3,3,3,3,3,3,3,137,137,0,0,0,0,0,0,0,0,0,0,0,0,0,0,1,0.0,0.0,0.0,0.0,0.0,0.0,0,2022,8,15
319,0,15,0,2,3,1,1,1,0,20,6,3,4,10,8,9,2,3,1,0,0,2.15,3.4,3.4,2.1,3.1,3.25,2223,24,35,0,0,0,0,0,0,3,3,3,3,3,3,3,3,3,3,137,137,0,0,0,0,0,0,0,0,0,0,0,0,0,0,1,0.0,0.0,0.0,0.0,0.0,0.0,0,2022,8,15
326,0,4,5,0,2,1,0,0,0,8,10,5,5,21,18,1,3,1,2,0,0,2.1,3.25,3.75,2.05,3.0,3.4,2223,36,40,0,0,0,0,0,0,3,3,3,3,3,3,3,3,3,3,137,137,0,0,0,0,0,0,0,0,0,0,0,0,0,0,1,0.0,0.0,0.0,0.0,0.0,0.0,0,2022,8,14
327,0,11,9,0,2,1,0,0,0,11,10,0,3,8,13,3,1,1,2,0,0,3.1,3.2,2.45,2.87,3.1,2.3,2223,39,27,0,0,0,0,0,0,3,3,3,3,3,3,3,3,3,3,137,137,0,0,0,0,0,0,0,0,0,0,0,0,0,0,1,0.0,0.0,0.0,0.0,0.0,0.0,0,2022,8,14
328,0,12,19,1,0,2,0,0,0,8,11,1,3,12,15,4,5,2,1,0,0,2.55,3.1,3.1,2.3,2.87,3.0,2223,23,33,0,0,0,0,0,0,3,3,3,3,3,3,3,3,3,3,137,137,0,0,0,0,0,0,0,0,0,0,0,0,0,0,1,0.0,0.0,0.0,0.0,0.0,0.0,1,2022,8,14
331,0,7,6,1,1,0,1,1,0,15,8,2,4,16,5,3,2,1,2,0,0,2.6,3.25,2.7,2.6,3.1,2.55,2223,25,37,0,0,0,0,0,0,3,3,3,3,3,3,3,3,3,3,137,137,0,0,0,0,0,0,0,0,0,0,0,0,0,0,1,0.0,0.0,0.0,0.0,0.0,0.0,0,2022,8,13
332,0,13,20,1,2,1,0,1,1,15,9,2,3,11,14,3,3,3,3,0,0,2.62,3.25,2.7,2.5,3.0,2.65,2223,30,20,0,0,0,0,0,0,3,3,3,3,3,3,3,3,3,3,137,137,0,0,0,0,0,0,0,0,0,0,0,0,0,0,1,0.0,0.0,0.0,0.0,0.0,0.0,0,2022,8,13
333,0,16,8,0,0,0,0,0,0,12,8,5,3,11,20,4,2,5,3,0,0,1.95,3.4,4.2,1.9,3.2,3.7,2223,29,41,0,0,0,0,0,0,3,3,3,3,3,3,3,3,3,3,137,137,0,0,0,0,0,0,0,0,0,0,0,0,0,0,1,0.0,0.0,0.0,0.0,0.0,0.0,0,2022,8,13
334,0,1,10,2,1,2,0,0,0,12,6,3,1,15,6,6,4,4,2,0,0,2.05,3.2,4.0,1.98,2.95,3.8,2223,26,38,0,0,0,0,0,0,3,3,3,3,3,3,3,3,3,3,137,137,0,0,0,0,0,0,0,0,0,0,0,0,0,0,1,0.0,0.0,0.0,0.0,0.0,0.0,1,2022,8,13
337,0,3,21,0,0,0,0,0,0,16,9,2,2,19,9,10,2,3,1,0,0,1.6,3.75,6.0,1.55,3.6,5.25,2223,31,28,0,0,0,0,0,0,3,3,3,3,3,3,3,3,3,3,137,137,0,0,0,0,0,0,0,0,0,0,0,0,0,0,1,0.0,0.0,0.0,0.0,0.0,0.0,0,2022,8,12
33,1,75,37,2,1,2,1,0,2,18,10,5,5,12,16,7,1,3,3,0,0,1.14,8.5,15.0,1.15,8.25,18.5,2223,14,5,31,9,13,25,32,11,2,1,2,1,2,1,2,1,2,2,184,244,15,3,1,1,0,0,0,0,0,0,18,-16,21,12,14,1.2857142857142858,-1.1428571428571428,1.5,0.8571428571428571,2.2857142857142856,0.7857142857142857,1,2022,11,10
34,1,76,53,3,0,2,0,0,0,15,5,7,1,12,9,5,5,1,3,0,1,2.1,3.4,3.6,2.1,3.3,3.5,2223,17,4,21,14,15,12,16,21,1,2,1,2,2,1,1,2,2,2,193,2,6,12,0,0,0,0,0,0,0,0,6,2,-5,-6,14,0.4285714285714285,0.1428571428571428,-0.3571428571428571,-0.4285714285714285,1.1428571428571428,1.5,1,2022,11,10
35,1,30,62,0,0,0,0,0,0,10,11,3,3,19,16,5,3,7,1,0,0,2.2,3.2,3.5,2.1,3.25,3.5,2223,13,6,20,12,16,24,21,11,2,1,1,2,1,2,2,1,1,1,11,226,6,6,0,0,0,0,0,0,0,0,4,-12,10,0,14,0.2857142857142857,-0.8571428571428571,0.7142857142857143,0.0,1.5,0.7857142857142857,0,2022,11,10
36,1,33,79,1,0,2,1,0,2,9,17,3,5,14,17,2,5,5,3,0,0,3.8,3.1,2.1,3.75,3.1,2.1,2223,11,2,13,18,13,14,18,21,1,1,2,2,0,0,1,2,2,1,206,87,7,7,0,0,0,0,0,0,0,0,0,4,-3,0,14,0.0,0.2857142857142857,-0.2142857142857142,0.0,1.2857142857142858,1.5,1,2022,11,9
37,1,34,59,0,1,1,0,0,0,14,10,6,3,11,6,4,7,1,3,0,0,3.2,3.2,2.37,3.0,3.25,2.37,2223,8,19,14,12,20,10,11,18,1,2,1,0,2,2,1,1,1,0,142,12,3,8,0,0,0,0,0,0,0,0,-6,2,-7,-5,14,-0.4285714285714285,0.1428571428571428,-0.5,-0.3571428571428571,0.7857142857142857,1.2857142857142858,0,2022,11,9
38,1,77,66,1,2,1,1,2,1,6,17,3,9,9,12,2,1,2,2,2,0,2.6,3.2,2.8,2.55,3.1,2.87,2223,16,15,12,18,20,17,11,23,0,1,1,2,1,0,2,1,0,2,68,206,5,7,0,0,0,0,0,0,0,0,-8,1,-12,-2,14,-0.5714285714285714,0.0714285714285714,-0.8571428571428571,-0.1428571428571428,0.7857142857142857,1.6428571428571428,0,2022,11,9
39,1,26,49,1,0,2,1,0,2,8,11,3,3,17,8,7,6,8,4,1,0,2.15,3.3,3.5,2.15,3.2,3.5,2223,0,9,15,12,20,17,16,14,0,1,2,0,1,1,1,2,1,2,155,7,4,7,0,0,1,0,0,0,0,0,-5,-5,2,-3,14,-0.3571428571428571,-0.3571428571428571,0.1428571428571428,-0.2142857142857142,1.1428571428571428,1.0,1,2022,11,9
40,1,36,27,1,2,1,1,1,0,11,21,2,3,16,9,2,5,3,2,0,0,3.25,3.3,2.2,3.3,3.25,2.2,2223,7,10,10,20,28,21,4,16,0,2,1,1,1,0,1,2,1,1,69,61,1,7,0,0,1,0,0,0,0,0,-18,-1,-12,-6,14,-1.2857142857142858,-0.0714285714285714,-0.8571428571428571,-0.4285714285714285,0.2857142857142857,1.1428571428571428,0,2022,11,8
41,1,78,22,3,0,2,1,0,2,19,8,6,0,20,6,10,2,3,1,0,0,1.4,4.5,7.5,1.42,4.6,7.25,2223,1,18,24,13,14,18,23,17,2,0,2,1,1,2,2,1,2,1,2,219,12,4,0,0,0,0,0,0,0,0,10,-5,6,8,14,0.7142857142857143,-0.3571428571428571,0.4285714285714285,0.5714285714285714,1.6428571428571428,1.2142857142857142,1,2022,11,8
42,1,42,80,1,2,1,1,0,2,15,9,3,3,15,6,2,5,4,4,0,2,5.75,4.2,1.53,5.75,4.33,1.53,2223,12,3,14,33,13,5,20,36,2,2,1,2,2,2,2,2,1,2,188,184,9,15,0,0,0,0,1,1,0,0,1,28,-16,-6,14,0.0714285714285714,2.0,-1.1428571428571428,-0.4285714285714285,1.4285714285714286,2.571428571428572,0,2022,11,8
44,1,30,75,3,2,2,2,2,0,15,16,7,2,22,11,4,5,4,5,0,0,4.75,4.2,1.65,5.0,4.1,1.63,2223,13,14,18,27,16,12,18,29,1,2,1,2,2,2,1,2,2,0,193,75,6,13,0,0,0,0,0,0,0,0,2,15,-11,-7,13,0.1538461538461538,1.1538461538461535,-0.8461538461538461,-0.5384615384615384,1.3846153846153846,2.230769230769231,1,2022,11,7
49,1,79,34,1,1,0,0,0,0,27,6,7,2,13,10,12,2,3,5,0,1,1.44,4.5,8.0,1.44,4.33,7.5,2223,2,8,18,14,12,18,21,11,2,1,0,2,2,1,1,1,2,0,48,154,10,4,0,0,0,0,0,0,0,0,6,-4,10,6,13,0.4615384615384615,-0.3076923076923077,0.7692307692307693,0.4615384615384615,1.6153846153846154,0.8461538461538461,0,2022,11,6
50,1,66,76,1,1,0,1,1,0,9,14,4,3,11,12,1,11,2,0,1,0,1.95,3.4,4.0,1.93,3.3,4.2,2223,15,17,17,21,13,14,23,16,2,1,0,2,1,1,2,2,2,0,106,14,10,7,0,0,0,0,0,0,0,0,4,7,7,3,13,0.3076923076923077,0.5384615384615384,0.5384615384615384,0.2307692307692307,1.7692307692307692,1.2307692307692308,0,2022,11,6
51,1,59,33,0,2,1,0,1,1,9,7,2,5,17,16,5,2,4,6,0,0,1.57,4.0,5.75,1.61,3.9,5.5,2223,19,11,10,12,10,11,15,18,0,2,2,0,1,1,0,2,0,1,139,278,6,7,0,0,0,0,0,0,0,0,0,1,-3,-1,13,0.0,0.0769230769230769,-0.2307692307692307,-0.0769230769230769,1.1538461538461535,1.3846153846153846,0,2022,11,6
52,1,53,77,1,1,0,1,0,2,9,22,4,6,6,20,1,4,4,5,2,1,2.2,3.2,3.6,2.15,3.3,3.4,2223,4,16,12,11,11,19,18,10,2,1,1,1,2,2,2,0,1,1,188,16,9,4,0,0,0,0,0,0,0,0,1,-8,8,5,13,0.0769230769230769,-0.6153846153846154,0.6153846153846154,0.3846153846153846,1.3846153846153846,0.7692307692307693,0,2022,11,6
58,1,80,26,2,0,2,0,0,0,27,4,13,1,14,13,9,1,2,1,0,0,1.08,10.0,26.0,1.1,11.0,26.0,2223,3,0,29,14,4,19,33,15,2,2,2,1,2,1,2,1,2,1,184,230,15,3,1,1,0,0,0,0,1,0,25,-5,18,12,13,1.9230769230769231,-0.3846153846153846,1.3846153846153846,0.9230769230769232,2.5384615384615383,1.1538461538461535,1,2022,11,5
59,1,62,42,1,2,1,1,2,1,13,8,5,4,12,20,2,3,1,5,0,0,2.1,3.3,3.75,2.1,3.3,3.6,2223,6,12,11,12,20,13,11,17,2,1,2,2,1,2,1,1,2,0,296,149,9,7,0,0,0,0,0,0,0,0,-9,-1,-6,2,13,-0.6923076923076923,-0.0769230769230769,-0.4615384615384615,0.1538461538461538,0.8461538461538461,1.3076923076923077,0,2022,11,5
60,1,22,36,2,1,2,1,0,2,16,4,11,2,9,10,8,4,2,0,0,0,1.83,3.6,4.33,1.83,3.7,4.2,2223,18,7,12,9,17,27,16,3,1,1,2,1,1,1,1,1,2,1,81,202,6,0,0,0,0,0,0,0,1,1,-5,-18,13,6,13,-0.3846153846153846,-1.3846153846153846,1.0,0.4615384615384615,1.2307692307692308,0.2307692307692307,1,2022,11,5
61,1,49,37,0,0,0,0,0,0,13,15,2,4,15,16,5,5,5,2,2,1,2.2,3.1,3.75,2.2,3.1,3.6,2223,9,5,11,9,14,23,14,11,0,1,1,1,2,1,2,2,1,0,174,17,7,4,0,0,0,0,0,0,0,0,-3,-14,3,3,13,-0.2307692307692307,-1.0769230769230769,0.2307692307692307,0.2307692307692307,1.0769230769230769,0.8461538461538461,0,2022,11,5
62,1,27,78,2,1,2,0,0,0,19,11,10,7,11,11,7,1,1,1,0,0,3.75,3.5,2.0,3.8,3.5,1.98,2223,10,1,17,23,20,14,13,20,1,2,0,1,2,2,1,2,1,2,168,150,4,12,0,0,0,0,1,0,0,0,-3,9,-7,-8,13,-0.2307692307692307,0.6923076923076923,-0.5384615384615384,-0.6153846153846154,1.0,1.5384615384615383,1,2022,11,4
75,1,36,49,0,1,1,0,0,0,12,8,5,3,12,11,6,2,0,3,0,1,2.7,3.0,2.87,2.65,3.0,2.85,2223,7,9,9,11,26,14,3,13,1,1,1,2,1,2,1,1,0,1,85,226,1,6,0,0,0,0,0,0,0,0,-17,-3,-10,-5,12,-1.4166666666666667,-0.25,-0.8333333333333334,-0.4166666666666667,0.25,1.0833333333333333,0,2022,10,31
77,1,78,59,1,0,2,0,0,0,19,6,7,3,12,10,6,2,2,1,0,0,2.2,3.3,3.4,2.15,3.4,3.3,2223,1,19,19,10,14,10,17,14,1,2,2,1,2,0,2,0,0,1,199,284,10,5,0,0,0,0,0,0,0,0,5,0,3,5,12,0.4166666666666667,0.0,0.25,0.4166666666666667,1.4166666666666667,1.1666666666666667,1,2022,10,30
78,1,75,27,1,1,0,0,0,0,19,8,6,2,16,8,7,1,3,3,1,0,1.2,6.5,13.0,1.21,7.0,12.5,2223,14,10,24,17,11,19,26,13,2,0,2,2,2,1,0,1,2,1,237,155,13,4,0,0,0,0,0,0,1,0,13,-2,13,9,12,1.0833333333333333,-0.1666666666666666,1.0833333333333333,0.75,2.1666666666666665,1.0833333333333333,0,2022,10,30
79,1,42,22,2,0,2,2,0,2,20,7,10,2,14,16,1,8,1,3,0,0,1.9,3.4,4.33,1.9,3.5,4.0,2223,12,18,12,12,12,13,17,16,2,2,2,1,1,1,0,2,1,0,211,229,7,7,0,0,0,0,0,0,0,0,0,-1,1,0,12,0.0,-0.0833333333333333,0.0833333333333333,0.0,1.4166666666666667,1.3333333333333333,1,2022,10,30
80,1,66,53,0,2,1,0,0,0,14,10,7,4,22,16,5,3,4,4,0,0,2.0,3.5,3.8,2.05,3.5,3.6,2223,15,4,16,11,13,11,20,15,0,1,1,2,2,2,2,1,2,0,215,149,10,7,1,0,0,0,0,0,0,0,3,0,5,3,12,0.25,0.0,0.4166666666666667,0.25,1.6666666666666667,1.25,0,2022,10,30
88,1,37,79,3,2,2,1,0,2,10,15,7,7,15,12,5,3,2,4,0,0,7.0,3.6,1.6,6.0,3.75,1.62,2223,5,2,9,17,19,12,11,18,1,0,1,2,2,1,0,2,0,2,141,245,5,10,0,0,0,0,0,0,0,0,-10,5,-7,-5,12,-0.8333333333333334,0.4166666666666667,-0.5833333333333334,-0.4166666666666667,0.9166666666666666,1.5,1,2022,10,29
90,1,77,30,0,1,1,0,0,0,10,15,4,5,9,20,6,6,6,1,0,0,2.0,3.3,4.0,1.98,3.4,3.9,2223,16,13,10,18,17,14,10,18,1,1,2,2,0,1,1,2,0,1,37,79,5,6,0,0,0,0,0,0,0,0,-7,4,-8,-1,12,-0.5833333333333334,0.3333333333333333,-0.6666666666666666,-0.0833333333333333,0.8333333333333334,1.5,0,2022,10,29
91,1,76,80,0,1,1,0,0,0,3,13,2,2,13,7,3,10,4,5,0,0,5.0,4.33,1.57,5.25,4.33,1.58,2223,17,3,21,25,13,4,16,30,2,2,1,2,2,2,0,2,2,2,99,184,10,15,0,0,0,0,1,1,0,0,8,21,-14,-5,12,0.6666666666666666,1.75,-1.1666666666666667,-0.4166666666666667,1.3333333333333333,2.5,0,2022,10,29
92,1,26,62,3,1,2,0,1,1,19,8,5,3,10,7,6,4,4,0,0,1,3.3,3.3,2.25,3.2,3.4,2.2,2223,0,6,12,10,18,20,12,8,1,2,1,1,1,1,1,2,2,1,244,11,3,6,0,0,0,0,0,0,0,0,-6,-10,4,-3,12,-0.5,-0.8333333333333334,0.3333333333333333,-0.25,1.0,0.6666666666666666,1,2022,10,29
94,1,33,34,1,1,0,0,0,0,12,7,5,2,15,9,4,4,4,1,0,0,2.25,3.1,3.4,2.3,3.0,3.4,2223,11,8,10,13,11,15,15,11,0,2,1,1,2,1,1,0,0,0,93,94,5,5,0,0,0,0,0,0,0,0,-1,-2,4,0,12,-0.0833333333333333,-0.1666666666666666,0.3333333333333333,0.0,1.25,0.9166666666666666,0,2022,10,28
97,1,62,49,1,1,0,0,1,1,17,4,5,1,10,13,10,0,1,1,0,0,1.75,3.5,5.0,1.82,3.4,4.75,2223,6,9,7,10,20,9,5,13,1,2,1,2,2,1,1,1,1,0,142,201,3,7,0,0,0,0,0,0,0,0,-13,1,-8,-4,11,-1.181818181818182,0.0909090909090909,-0.7272727272727273,-0.3636363636363636,0.4545454545454545,1.181818181818182,0,2022,10,24
102,1,34,36,2,2,0,1,1,0,13,9,5,4,13,10,5,3,2,3,0,0,1.66,3.75,5.25,1.68,3.8,5.0,2223,8,7,12,9,15,22,8,3,1,1,1,1,0,1,0,0,2,0,280,25,5,2,0,0,0,0,0,0,0,0,-3,-13,5,3,11,-0.2727272727272727,-1.181818181818182,0.4545454545454545,0.2727272727272727,0.7272727272727273,0.2727272727272727,0,2022,10,23
103,1,53,79,1,2,1,0,0,0,17,9,4,3,10,17,7,4,2,3,0,0,3.2,3.3,2.3,3.1,3.3,2.3,2223,4,2,10,16,9,11,15,17,2,2,2,1,1,2,0,2,2,2,195,150,10,12,0,0,0,0,1,0,0,0,1,5,-2,-2,11,0.0909090909090909,0.4545454545454545,-0.1818181818181818,-0.1818181818181818,1.3636363636363635,1.5454545454545454,0,2022,10,23
104,1,27,42,1,1,0,1,1,0,7,9,1,2,11,11,3,5,2,3,0,0,2.55,3.2,2.9,2.6,3.1,2.87,2223,10,12,16,10,18,11,12,14,2,2,1,1,1,0,1,1,0,1,138,27,4,4,0,0,0,0,0,0,0,0,-2,-1,-2,0,11,-0.1818181818181818,-0.0909090909090909,-0.1818181818181818,0.0,1.0909090909090908,1.2727272727272727,0,2022,10,23
105,1,59,26,2,1,2,0,1,1,11,15,5,4,7,8,10,4,4,1,1,0,1.36,4.75,9.0,1.37,5.0,8.25,2223,19,0,6,12,10,17,11,12,1,1,0,1,0,1,1,2,2,1,56,189,5,3,0,0,0,0,0,0,0,0,-4,-5,-1,2,11,-0.3636363636363636,-0.4545454545454545,-0.0909090909090909,0.1818181818181818,1.0,1.0909090909090908,1,2022,10,23
106,1,80,78,4,0,2,3,0,2,10,5,7,3,7,13,1,2,2,2,0,0,1.55,4.5,5.5,1.57,4.33,5.25,2223,3,1,22,19,4,13,27,17,2,2,2,2,2,2,2,0,1,1,233,156,12,10,0,0,0,0,0,0,0,0,18,6,10,2,11,1.6363636363636365,0.5454545454545454,0.9090909090909092,0.1818181818181818,2.4545454545454546,1.5454545454545454,1,2022,10,23
112,1,75,77,3,1,2,1,0,2,18,9,6,2,9,12,4,3,1,4,0,0,1.36,4.75,8.5,1.35,5.0,9.0,2223,14,16,22,10,10,14,23,10,2,2,2,0,0,1,2,0,2,2,216,35,13,8,0,0,0,0,0,0,0,0,12,-4,13,5,11,1.0909090909090908,-0.3636363636363636,1.181818181818182,0.4545454545454545,2.090909090909091,0.9090909090909092,1,2022,10,22
113,1,22,66,1,0,2,1,0,2,9,20,2,2,19,14,4,10,2,3,0,0,3.6,3.4,2.05,3.5,3.4,2.1,2223,18,15,11,15,13,12,13,19,1,1,1,2,2,2,0,2,1,2,16,175,4,12,0,0,0,0,1,0,0,0,-2,3,-6,-8,11,-0.1818181818181818,0.2727272727272727,-0.5454545454545454,-0.7272727272727273,1.181818181818182,1.7272727272727273,1,2022,10,22
114,1,30,37,5,1,2,2,0,2,28,3,11,0,13,12,10,1,1,4,1,2,1.72,3.5,5.25,1.73,3.5,5.25,2223,13,5,17,9,12,16,18,11,2,1,1,2,2,0,1,0,0,0,194,38,7,6,0,0,0,0,0,0,0,0,5,-7,7,1,11,0.4545454545454545,-0.6363636363636364,0.6363636363636364,0.0909090909090909,1.6363636363636365,1.0,1,2022,10,22
115,1,76,33,1,2,1,0,0,0,13,10,3,5,14,19,5,3,3,5,0,0,1.75,3.5,5.0,1.75,3.5,5.0,2223,17,11,16,9,12,10,13,14,1,1,2,2,0,1,2,0,0,1,10,101,8,4,0,0,0,0,0,0,0,0,4,-1,-1,4,11,0.3636363636363636,-0.0909090909090909,-0.0909090909090909,0.3636363636363636,1.181818181818182,1.2727272727272727,0,2022,10,22
117,1,80,59,3,0,2,3,0,2,16,5,5,1,18,11,8,0,0,1,0,0,1.5,4.5,6.0,1.49,4.8,5.75,2223,3,19,18,6,4,9,24,11,2,0,2,0,2,1,1,2,2,1,144,57,12,5,0,0,0,0,0,0,0,0,14,-3,13,7,10,1.4,-0.3,1.3,0.7,2.4,1.1,1,2022,10,20
118,1,42,34,1,0,2,0,0,0,17,5,5,3,17,15,9,2,1,2,0,0,2.05,3.6,3.5,2.1,3.3,3.5,2223,12,8,9,10,11,12,11,8,1,1,0,0,1,0,1,2,2,1,40,51,4,5,0,0,0,0,0,0,0,0,-2,-2,3,-1,10,-0.2,-0.2,0.3,-0.1,1.1,0.8,1,2022,10,20
119,1,26,27,3,2,2,3,0,2,13,14,7,5,14,14,4,5,1,3,0,0,2.6,3.25,2.8,2.5,3.25,2.8,2223,0,10,12,14,16,17,12,9,1,1,1,1,2,1,1,0,2,1,193,185,6,1,0,0,0,0,0,0,0,0,-4,-3,3,5,10,-0.4,-0.3,0.3,0.5,1.2,0.9,1,2022,10,20
120,1,22,62,4,1,2,1,1,0,9,22,7,5,12,11,3,7,1,1,0,0,2.9,3.3,2.45,2.8,3.2,2.55,2223,18,6,10,6,11,16,13,5,1,1,2,2,0,1,1,1,2,1,206,3,7,3,0,0,0,0,0,0,1,0,-1,-10,8,4,10,-0.1,-1.0,0.8,0.4,1.3,0.5,1,2022,10,19
121,1,37,53,0,0,0,0,0,0,13,12,3,3,15,7,4,9,1,2,0,1,4.0,3.3,2.0,3.6,3.25,2.1,2223,5,4,9,9,12,9,11,12,2,2,0,1,0,0,0,2,0,0,20,163,7,8,0,0,0,0,0,0,0,0,-3,0,-1,-1,10,-0.3,0.0,-0.1,-0.1,1.1,1.2,0,2022,10,19
122,1,66,33,1,0,2,1,0,2,14,12,7,3,18,9,10,7,1,2,0,0,1.55,4.0,6.5,1.55,4.0,6.25,2223,15,11,14,8,10,6,19,14,2,2,2,1,2,0,2,1,2,1,184,27,15,4,1,1,0,0,0,0,0,0,4,2,5,11,10,0.4,0.2,0.5,1.1,1.9,1.4,1,2022,10,19
123,1,36,75,0,3,1,0,1,1,10,10,3,7,14,10,8,2,1,1,0,0,8.5,5.75,1.3,8.75,5.75,1.31,2223,7,14,8,18,18,9,3,20,1,2,1,0,0,2,0,2,1,2,231,210,2,13,0,0,0,0,1,0,0,0,-10,9,-17,-11,10,-1.0,0.9,-1.7,-1.1,0.3,2.0,0,2022,10,19
124,1,79,30,1,1,0,1,0,2,12,14,4,4,11,11,3,4,3,0,0,0,1.55,3.75,7.0,1.53,3.9,6.75,2223,2,13,12,15,10,11,14,15,1,1,2,2,2,1,2,0,0,0,199,33,10,5,0,0,0,0,0,0,0,0,2,4,-1,5,10,0.2,0.4,-0.1,0.5,1.4,1.5,0,2022,10,18
125,1,49,78,2,2,0,1,1,0,11,14,4,4,14,11,7,4,7,4,0,0,4.75,3.3,1.83,4.4,3.3,1.9,2223,9,1,8,15,8,12,10,14,2,2,1,2,1,0,0,1,0,0,94,272,5,8,0,0,0,0,0,0,0,0,0,3,-4,-3,10,0.0,0.3,-0.4,-0.3,1.0,1.4,0,2022,10,18
126,1,77,76,1,1,0,0,1,1,18,13,5,5,11,26,11,6,4,7,1,0,2.25,3.4,3.2,2.25,3.3,3.2,2223,16,17,7,15,12,10,7,13,0,2,1,0,0,2,2,0,0,0,183,96,6,9,0,0,0,0,0,0,0,0,-5,5,-6,-3,10,-0.5,0.5,-0.6,-0.3,0.7,1.3,0,2022,10,18
127,1,59,42,2,0,2,1,0,2,12,14,9,3,14,23,8,4,2,6,0,0,1.57,4.2,6.0,1.58,4.1,5.5,2223,19,12,5,9,8,9,10,11,0,0,1,1,2,1,1,2,2,0,207,68,7,5,0,0,0,0,0,0,0,0,-3,0,-1,2,9,-0.3333333333333333,0.0,-0.1111111111111111,0.2222222222222222,1.1111111111111112,1.2222222222222223,1,2022,10,17
133,1,53,26,3,1,2,1,0,2,15,12,6,5,6,7,9,3,1,1,0,0,1.57,4.1,5.75,1.57,4.2,5.5,2223,4,0,7,12,8,15,9,12,1,1,0,2,2,1,0,2,1,1,89,79,5,6,0,0,0,0,0,0,0,0,-1,-3,-3,-1,9,-0.1111111111111111,-0.3333333333333333,-0.3333333333333333,-0.1111111111111111,1.0,1.3333333333333333,1,2022,10,16
134,1,62,66,1,2,1,1,1,0,10,8,3,6,14,17,1,6,5,7,1,0,2.6,3.2,2.8,2.5,3.25,2.87,2223,6,15,6,12,13,9,5,16,2,2,1,2,1,2,1,2,0,1,138,233,4,12,0,0,0,0,0,0,0,0,-7,3,-11,-8,9,-0.7777777777777778,0.3333333333333333,-1.2222222222222223,-0.8888888888888888,0.5555555555555556,1.7777777777777777,0,2022,10,16
135,1,75,80,3,1,2,2,0,2,8,18,4,5,11,14,2,3,2,2,0,0,2.2,3.6,3.1,2.2,3.6,3.1,2223,14,3,16,15,8,4,17,21,0,2,2,2,2,1,2,2,2,2,234,2,13,12,1,0,0,0,0,0,0,0,8,11,-4,1,9,0.8888888888888888,1.2222222222222223,-0.4444444444444444,0.1111111111111111,1.8888888888888888,2.333333333333333,1,2022,10,16
136,1,34,22,1,0,2,0,0,0,15,14,3,2,13,11,6,4,1,4,0,0,2.2,3.3,3.5,2.15,3.4,3.3,2223,8,18,9,10,10,10,8,13,0,2,0,0,2,1,1,2,0,2,208,106,6,10,0,0,0,0,0,0,0,0,-1,0,-5,-4,9,-0.1111111111111111,0.0,-0.5555555555555556,-0.4444444444444444,0.8888888888888888,1.4444444444444444,1,2022,10,16
143,1,27,37,1,1,0,0,0,0,23,9,6,2,16,9,6,2,5,4,0,0,1.9,3.3,4.5,1.87,3.4,4.4,2223,10,5,13,8,15,12,9,8,1,0,1,0,0,0,1,0,0,1,172,105,2,4,0,0,0,0,0,0,0,0,-2,-4,1,-2,9,-0.2222222222222222,-0.4444444444444444,0.1111111111111111,-0.2222222222222222,1.0,0.8888888888888888,0,2022,10,15
144,1,78,79,0,1,1,0,0,0,13,3,3,1,14,17,6,1,0,6,0,0,2.45,3.2,3.0,2.4,3.3,2.9,2223,1,2,12,11,10,8,11,14,2,2,0,2,1,2,0,0,1,2,90,237,5,13,0,0,0,0,0,0,0,0,2,3,-3,-8,9,0.2222222222222222,0.3333333333333333,-0.3333333333333333,-0.8888888888888888,1.2222222222222223,1.5555555555555556,0,2022,10,15
145,1,33,77,0,1,1,0,0,0,9,4,5,1,17,15,1,3,2,3,0,0,2.9,3.0,2.7,2.9,3.1,2.5,2223,11,16,7,6,6,11,11,6,1,1,0,0,1,2,1,0,2,1,40,89,4,5,0,0,0,0,0,0,0,0,1,-5,5,-1,9,0.1111111111111111,-0.5555555555555556,0.5555555555555556,-0.1111111111111111,1.2222222222222223,0.6666666666666666,0,2022,10,15
146,1,76,36,2,2,0,2,1,2,20,8,8,6,14,19,6,1,3,6,0,0,1.4,4.75,7.5,1.42,4.75,7.25,2223,17,7,12,8,10,15,10,3,0,1,2,0,0,0,0,1,1,0,223,58,6,3,0,0,0,0,0,0,0,0,2,-7,7,3,9,0.2222222222222222,-0.7777777777777778,0.7777777777777778,0.3333333333333333,1.1111111111111112,0.3333333333333333,0,2022,10,15
147,1,30,49,0,0,0,0,0,0,16,6,3,3,13,17,4,1,2,3,0,0,2.05,3.2,3.8,2.05,3.1,4.0,2223,13,9,13,6,8,8,15,7,2,1,1,1,0,0,0,0,2,0,152,217,8,3,0,0,0,0,0,0,0,0,5,-2,8,5,9,0.5555555555555556,-0.2222222222222222,0.8888888888888888,0.5555555555555556,1.6666666666666667,0.7777777777777778,0,2022,10,14
159,1,36,33,1,1,0,1,0,2,7,11,2,4,12,17,5,7,4,5,1,1,3.0,3.1,2.5,3.0,2.95,2.6,2223,7,11,7,7,13,5,3,11,0,0,0,1,1,1,0,2,1,0,28,68,3,5,0,0,0,0,0,0,0,0,-6,2,-8,-2,8,-0.75,0.25,-1.0,-0.25,0.375,1.375,0,2022,10,10
162,1,80,62,1,0,2,1,0,2,13,14,5,3,16,9,6,3,2,4,0,0,1.28,6.0,9.0,1.28,5.75,10.5,2223,3,6,14,5,4,13,18,2,2,1,1,1,2,1,2,0,2,1,150,185,12,1,1,0,0,0,0,0,0,0,10,-8,16,11,8,1.25,-1.0,2.0,1.375,2.25,0.25,1,2022,10,9
163,1,66,59,1,0,2,1,0,2,17,5,5,1,21,18,9,3,5,3,0,0,2.5,3.4,2.75,2.55,3.2,2.85,2223,15,19,7,5,6,8,13,9,2,1,2,2,2,1,1,2,1,1,78,79,9,6,0,0,0,0,0,0,0,0,1,-3,4,3,8,0.125,-0.375,0.5,0.375,1.625,1.125,1,2022,10,9
164,1,37,34,2,2,0,1,0,2,8,9,3,6,13,12,8,3,4,4,0,0,2.87,3.2,2.55,2.85,3.0,2.65,2223,5,8,8,7,12,8,7,7,0,0,0,2,0,1,1,0,2,0,167,139,6,6,0,0,0,0,0,0,0,0,-4,-1,0,0,8,-0.5,-0.125,0.0,0.0,0.875,0.875,0,2022,10,9
165,1,22,53,0,0,0,0,0,0,12,4,3,1,12,16,3,1,1,1,0,1,2.8,3.4,2.4,2.85,3.4,2.45,2223,18,4,7,7,8,7,10,9,0,0,1,2,2,0,2,1,1,2,174,246,7,8,0,0,0,0,0,0,0,0,-1,0,1,-1,8,-0.125,0.0,0.125,-0.125,1.25,1.125,0,2022,10,9
171,1,79,27,2,1,2,1,0,2,13,11,7,4,12,13,8,3,3,1,0,0,1.45,4.33,7.5,1.49,4.2,6.75,2223,2,10,9,10,8,10,11,9,2,1,2,0,0,1,2,0,1,0,30,200,10,3,0,0,0,0,0,0,0,0,1,0,2,7,8,0.125,0.0,0.25,0.875,1.375,1.125,1,2022,10,8
172,1,26,30,3,1,2,3,0,2,10,12,4,4,22,12,7,6,4,2,1,0,2.9,3.3,2.55,2.95,3.2,2.45,2223,0,13,12,11,11,7,12,12,2,1,1,0,2,0,1,2,2,2,13,100,9,8,0,0,0,0,0,0,0,0,1,4,0,1,8,0.125,0.5,0.0,0.125,1.5,1.5,1,2022,10,8
175,1,77,78,1,1,0,1,0,2,10,21,3,4,19,14,5,7,4,0,0,1,3.0,3.3,2.4,3.0,3.2,2.4,2223,16,1,6,8,9,10,6,8,0,0,2,1,0,0,1,1,1,2,190,77,5,5,0,0,0,0,0,0,0,0,-3,-2,-2,0,8,-0.375,-0.25,-0.25,0.0,0.75,1.0,0,2022,10,8
177,1,49,75,0,1,1,0,1,1,9,19,2,4,10,5,4,4,0,0,0,0,6.5,4.5,1.5,6.5,4.4,1.49,2223,9,14,4,15,5,7,7,16,1,2,0,2,0,2,0,2,2,0,270,75,6,13,0,0,0,0,0,0,0,0,-1,8,-9,-7,8,-0.125,1.0,-1.125,-0.875,0.875,2.0,0,2022,10,8
178,1,42,76,1,2,1,0,1,1,11,15,2,7,11,19,7,5,3,6,2,1,2.4,3.2,3.1,2.4,3.2,3.0,2223,12,17,8,10,8,8,10,9,1,2,1,0,2,0,0,1,2,1,31,49,7,5,0,0,0,0,0,0,0,0,0,2,1,2,8,0.0,0.25,0.125,0.25,1.25,1.125,0,2022,10,7
181,1,30,36,2,1,2,1,1,0,15,5,6,2,5,19,13,3,1,8,0,0,1.72,3.6,5.25,1.72,3.5,5.25,2223,13,7,10,6,4,12,12,2,0,0,0,1,2,0,2,1,2,1,186,53,11,2,1,0,0,0,0,0,0,0,6,-6,10,9,7,0.8571428571428571,-0.8571428571428571,1.4285714285714286,1.2857142857142858,1.7142857142857142,0.2857142857142857,1,2022,10,3
187,1,34,76,2,2,0,0,0,0,10,12,5,5,16,15,6,4,2,1,1,1,2.62,3.3,2.7,2.75,3.25,2.6,2223,8,17,5,8,6,7,6,6,2,0,1,0,0,1,0,1,0,0,224,160,6,3,0,0,0,0,0,0,0,0,-1,1,0,3,7,-0.1428571428571428,0.1428571428571428,0.0,0.4285714285714285,0.8571428571428571,0.8571428571428571,0,2022,10,2
188,1,27,66,3,5,1,2,2,0,16,11,8,5,9,19,2,2,3,1,0,0,3.25,3.2,2.3,3.2,3.2,2.3,2223,10,15,9,6,8,6,9,10,0,2,1,2,0,1,0,1,2,0,273,201,6,7,0,0,0,0,0,0,0,0,1,0,-1,-1,7,0.1428571428571428,0.0,-0.1428571428571428,-0.1428571428571428,1.2857142857142858,1.4285714285714286,0,2022,10,2
189,1,62,53,1,0,2,1,0,2,11,9,4,4,26,3,5,3,4,3,0,1,2.45,3.4,2.87,2.5,3.3,2.8,2223,6,4,5,7,12,7,2,8,1,2,1,0,0,1,1,2,1,0,98,239,1,8,0,0,0,0,0,0,0,0,-7,0,-6,-7,7,-1.0,0.0,-0.8571428571428571,-1.0,0.2857142857142857,1.1428571428571428,1,2022,10,2
190,1,75,42,1,1,0,1,0,2,22,8,4,2,9,13,10,2,1,2,0,1,1.3,5.5,9.5,1.32,5.25,9.25,2223,14,12,14,7,7,6,13,10,2,1,2,2,2,0,0,2,1,2,156,84,10,10,0,0,0,0,0,0,0,0,7,1,3,0,7,1.0,0.1428571428571428,0.4285714285714285,0.0,1.8571428571428568,1.4285714285714286,0,2022,10,2
191,1,37,59,0,0,0,0,0,0,10,14,2,6,13,8,6,5,2,3,1,0,6.0,4.0,1.57,5.75,3.75,1.62,2223,5,19,6,5,10,7,6,9,0,2,0,1,1,2,2,1,0,1,187,148,6,6,0,0,0,0,0,0,0,0,-4,-2,-3,0,7,-0.5714285714285714,-0.2857142857142857,-0.4285714285714285,0.0,0.8571428571428571,1.2857142857142858,0,2022,10,1
192,1,49,22,2,3,1,2,2,0,14,14,6,7,23,13,4,2,2,4,0,0,2.3,3.0,3.5,2.3,3.1,3.3,2223,9,18,4,7,4,8,7,9,0,1,0,2,0,2,2,1,0,2,295,21,7,9,0,0,0,0,0,0,0,0,0,-1,-2,-2,7,0.0,-0.1428571428571428,-0.2857142857142857,-0.2857142857142857,1.0,1.2857142857142858,0,2022,10,1
193,1,77,79,0,2,1,0,1,1,14,20,3,6,9,12,5,7,3,2,0,0,3.0,3.2,2.5,2.9,3.1,2.55,2223,16,2,5,7,8,7,5,8,2,2,0,0,1,2,1,1,0,0,158,12,5,8,0,0,0,0,0,0,0,0,-3,0,-3,-3,7,-0.4285714285714285,0.0,-0.4285714285714285,-0.4285714285714285,0.7142857142857143,1.1428571428571428,0,2022,10,1
198,1,33,80,0,1,1,0,1,1,13,11,3,3,9,13,5,5,2,4,0,0,9.0,5.0,1.36,8.25,5.0,1.36,2223,11,3,6,13,4,4,10,15,1,1,1,2,2,2,0,2,2,2,31,175,7,12,0,0,0,0,1,0,0,0,2,9,-5,-5,7,0.2857142857142857,1.2857142857142858,-0.7142857142857143,-0.7142857142857143,1.4285714285714286,2.142857142857143,0,2022,10,1
200,1,78,26,4,0,2,2,0,2,17,8,4,2,17,8,11,2,1,3,0,0,1.33,5.0,9.5,1.38,4.8,8.25,2223,1,0,7,9,9,10,7,9,1,1,0,2,1,1,2,2,1,1,218,79,4,6,0,0,0,0,0,0,0,0,-2,-1,-2,-2,7,-0.2857142857142857,-0.1428571428571428,-0.2857142857142857,-0.2857142857142857,1.0,1.2857142857142858,1,2022,9,30
215,1,66,34,2,1,2,2,1,2,14,14,6,4,18,8,4,2,3,0,0,0,1.7,3.6,5.0,1.68,3.75,5.0,2223,15,8,4,4,5,6,7,3,2,1,1,0,1,0,0,0,2,1,29,42,7,3,0,0,0,0,0,0,0,0,-1,-2,4,4,6,-0.1666666666666666,-0.3333333333333333,0.6666666666666666,0.6666666666666666,1.1666666666666667,0.5,1,2022,9,18
217,1,42,49,0,2,1,0,1,1,12,10,4,4,15,15,8,1,7,3,1,1,1.8,3.4,5.0,1.78,3.4,5.0,2223,12,9,7,4,4,4,10,6,2,0,0,0,2,2,2,0,1,1,181,275,10,6,0,0,0,0,0,0,0,0,3,0,4,4,6,0.5,0.0,0.6666666666666666,0.6666666666666666,1.6666666666666667,1.0,0,2022,9,18
218,1,59,77,1,1,0,0,1,1,17,12,7,1,15,12,6,4,1,5,0,0,1.7,3.8,5.0,1.71,3.8,4.8,2223,19,16,3,4,7,8,6,2,1,0,2,1,1,1,1,0,2,1,81,145,6,2,0,0,0,0,0,0,0,0,-4,-4,4,4,6,-0.6666666666666666,-0.6666666666666666,0.6666666666666666,0.6666666666666666,1.0,0.3333333333333333,0,2022,9,18
219,1,53,27,2,1,2,1,1,0,9,8,3,3,9,8,2,4,0,3,0,0,1.75,3.6,5.0,1.73,3.7,4.8,2223,4,10,4,8,6,7,5,8,0,1,1,0,2,0,0,2,1,2,214,100,5,8,0,0,0,0,0,0,0,0,-2,1,-3,-3,6,-0.3333333333333333,0.1666666666666666,-0.5,-0.5,0.8333333333333334,1.3333333333333333,1,2022,9,18
220,1,79,75,1,2,1,0,2,1,12,6,5,3,15,16,8,1,4,2,1,0,3.1,3.4,2.3,3.1,3.4,2.25,2223,2,14,6,11,7,6,5,10,0,2,2,2,1,0,0,1,1,2,176,220,5,10,0,0,0,0,0,0,0,0,-1,5,-5,-5,6,-0.1666666666666666,0.8333333333333334,-0.8333333333333334,-0.8333333333333334,0.8333333333333334,1.6666666666666667,0,2022,9,18
223,1,80,36,3,0,2,2,0,2,25,1,9,1,11,9,6,0,2,2,0,1,1.08,11.0,26.0,1.09,11.5,29.0,2223,3,7,12,4,1,10,15,1,2,1,2,0,2,1,2,1,2,1,184,103,15,1,1,1,0,0,0,0,1,0,11,-6,14,14,6,1.8333333333333333,-1.0,2.333333333333333,2.333333333333333,2.5,0.1666666666666666,1,2022,9,17
228,1,78,30,3,2,2,3,1,2,14,11,7,2,13,13,2,7,1,2,0,0,1.53,4.0,6.5,1.55,4.0,6.25,2223,1,13,7,10,8,4,7,11,0,0,1,2,2,2,1,2,2,0,207,221,7,11,0,0,0,0,0,0,0,0,-1,6,-4,-4,6,-0.1666666666666666,1.0,-0.6666666666666666,-0.6666666666666666,1.1666666666666667,1.8333333333333333,1,2022,9,17
229,1,76,62,3,0,2,1,0,2,14,6,7,2,18,23,5,4,3,2,0,1,2.3,3.2,3.3,2.35,3.25,3.1,2223,17,6,6,4,5,10,5,2,0,1,1,0,1,1,0,1,2,0,178,192,5,2,0,0,0,0,0,0,0,0,1,-6,3,3,6,0.1666666666666666,-1.0,0.5,0.5,0.8333333333333334,0.3333333333333333,1,2022,9,17
230,1,33,26,1,0,2,1,0,2,5,9,2,3,15,14,5,2,3,6,0,0,2.0,3.3,4.0,2.0,3.4,3.75,2223,11,0,6,8,3,7,10,9,1,2,2,1,0,2,2,1,2,2,84,13,10,9,0,0,0,0,0,0,0,0,3,1,1,1,6,0.5,0.1666666666666666,0.1666666666666666,0.1666666666666666,1.6666666666666667,1.5,1,2022,9,17
232,1,22,37,0,1,1,0,0,0,18,7,6,1,12,19,8,2,1,4,0,0,2.0,3.25,4.0,2.05,3.25,3.8,2223,18,5,7,5,7,9,9,5,2,0,2,1,1,2,2,0,1,1,240,214,9,5,0,0,0,0,0,0,0,0,0,-4,4,4,6,0.0,-0.6666666666666666,0.6666666666666666,0.6666666666666666,1.5,0.8333333333333334,0,2022,9,16
234,1,26,42,0,1,1,0,1,1,7,15,2,4,4,9,5,10,0,2,0,0,2.6,3.25,2.75,2.6,3.2,2.75,2223,0,12,5,6,5,4,6,7,1,0,2,2,1,2,2,1,3,3,107,341,6,7,0,0,0,0,0,0,0,0,0,2,-1,-1,5,0.0,0.4,-0.2,-0.2,1.2,1.4,0,2022,9,12
235,1,36,78,1,4,1,0,4,1,9,16,2,8,15,9,5,5,3,0,0,0,4.0,3.6,1.9,3.9,3.4,1.98,2223,7,1,4,5,7,6,1,6,0,1,1,2,1,1,1,2,3,3,253,107,1,6,0,0,0,0,0,0,0,0,-3,-1,-5,-5,5,-0.6,-0.2,-1.0,-1.0,0.2,1.2,0,2022,9,11
236,1,53,59,1,0,2,0,0,0,16,14,5,3,11,14,9,8,1,1,0,0,2.8,3.4,2.5,2.85,3.4,2.4,2223,4,19,4,3,6,4,4,6,1,2,2,1,0,1,1,2,3,3,290,329,4,6,0,0,0,0,0,0,0,0,-2,-1,-2,-2,5,-0.4,-0.2,-0.4,-0.4,0.8,1.2,1,2022,9,11
237,1,49,66,2,1,2,1,0,2,8,13,3,6,9,16,3,7,4,1,0,0,3.75,3.0,2.15,3.6,3.1,2.2,2223,9,15,2,3,2,5,5,4,0,1,2,1,0,0,1,2,3,3,356,349,5,4,0,0,0,0,0,0,0,0,0,-2,1,1,5,0.0,-0.4,0.2,0.2,1.0,0.8,1,2022,9,11
238,1,75,33,4,1,2,1,1,0,22,5,7,2,7,15,4,3,3,5,0,0,1.25,6.0,11.0,1.27,6.0,10.5,2223,14,11,8,6,6,2,7,10,2,2,0,0,1,2,2,2,3,3,326,115,7,10,0,0,0,0,0,0,0,0,2,4,-3,-3,5,0.4,0.8,-0.6,-0.6,1.4,2.0,1,2022,9,11
247,1,34,77,2,3,1,1,3,1,19,11,5,7,11,14,9,3,3,5,0,1,2.87,3.25,2.5,2.8,3.2,2.55,2223,8,16,4,3,5,7,3,1,0,1,0,1,0,0,1,1,3,3,360,327,3,1,0,0,0,0,0,0,0,0,-1,-4,2,2,5,-0.2,-0.8,0.4,0.4,0.6,0.2,0,2022,9,10
248,1,30,76,2,1,2,1,0,2,14,17,6,4,22,11,7,7,5,2,0,0,2.62,3.1,2.87,2.55,3.2,2.85,2223,13,17,9,5,3,4,10,4,2,1,2,1,2,0,0,2,3,3,288,349,10,4,0,0,0,0,0,0,0,0,6,1,6,6,5,1.2,0.2,1.2,1.2,2.0,0.8,1,2022,9,10
249,1,79,62,4,1,2,1,0,2,10,14,4,3,11,6,4,7,2,3,0,0,1.61,3.8,6.0,1.66,3.7,5.25,2223,2,6,5,3,6,6,4,2,2,0,1,1,0,1,1,0,3,3,308,350,4,2,0,0,0,0,0,0,0,0,-1,-3,2,2,5,-0.2,-0.6,0.4,0.4,0.8,0.4,1,2022,9,10
251,1,37,80,0,4,1,0,0,0,6,16,0,8,12,13,5,6,1,2,0,0,13.0,6.5,1.22,13.0,6.0,1.24,2223,5,3,5,9,9,1,4,12,1,2,2,2,0,2,1,2,3,3,290,337,4,12,0,0,0,0,0,0,0,0,-4,8,-8,-8,5,-0.8,1.6,-1.6,-1.6,0.8,2.4,0,2022,9,10
252,1,27,22,2,1,2,1,1,0,14,14,5,4,11,15,3,12,0,2,0,0,2.25,3.25,3.4,2.2,3.1,3.4,2223,10,18,6,3,4,6,8,6,0,2,0,1,2,2,2,1,3,3,251,310,8,6,0,0,0,0,0,0,0,0,2,-3,2,2,5,0.4,-0.6,0.4,0.4,1.6,1.2,1,2022,9,9
255,1,22,26,1,0,2,0,0,0,14,12,6,1,11,20,2,8,1,6,0,0,2.3,3.3,3.1,2.3,3.3,3.1,2223,18,0,2,4,6,3,3,6,1,2,2,1,1,2,3,3,3,3,122,123,3,6,0,0,0,0,0,0,0,0,-4,1,-3,-3,4,-1.0,0.25,-0.75,-0.75,0.75,1.5,1,2022,9,5
261,1,42,30,2,1,2,0,0,0,13,5,6,3,14,16,4,0,2,2,0,0,2.0,3.1,4.33,2.05,2.95,3.9,2223,12,13,5,4,3,2,6,7,2,2,2,2,1,0,3,3,3,3,293,331,6,7,0,0,0,0,0,0,0,0,2,2,-1,-1,4,0.5,0.5,-0.25,-0.25,1.5,1.75,1,2022,9,4
262,1,78,34,0,1,1,0,0,0,17,9,2,2,12,12,4,2,3,2,0,0,1.53,4.0,6.5,1.55,3.9,6.25,2223,1,8,5,2,2,3,6,2,2,0,1,0,2,1,3,3,3,3,123,125,6,2,0,0,0,0,0,0,0,0,3,-1,4,4,4,0.75,-0.25,1.0,1.0,1.5,0.5,0,2022,9,4
263,1,59,36,4,0,2,2,0,2,18,7,10,0,10,9,6,4,1,3,0,0,1.33,5.0,10.0,1.34,5.25,9.0,2223,19,7,1,2,3,5,3,0,1,1,1,1,2,1,3,3,3,3,257,120,3,0,0,0,0,0,0,0,0,0,-2,-3,3,3,4,-0.5,-0.75,0.75,0.75,0.75,0.0,1,2022,9,4
264,1,76,49,5,1,2,3,0,2,24,7,9,4,11,21,9,1,3,6,1,1,1.9,3.2,4.5,1.93,3.25,4.33,2223,17,9,4,1,2,1,4,4,1,2,0,0,2,1,3,3,3,3,119,260,4,4,0,0,0,0,0,0,0,0,2,0,0,0,4,0.5,0.0,0.0,0.0,1.0,1.0,1,2022,9,4
269,1,33,27,1,1,0,0,0,0,10,10,4,4,23,9,6,3,4,2,0,0,2.15,3.2,3.6,2.15,3.2,3.6,2223,11,10,4,5,1,3,7,7,0,0,2,2,2,2,3,3,3,3,124,124,7,7,0,0,0,0,0,0,0,0,3,2,0,0,4,0.75,0.5,0.0,0.0,1.75,1.75,0,2022,9,3
270,1,75,53,2,1,2,1,1,0,22,8,4,4,8,12,9,2,0,1,0,0,1.4,5.25,6.5,1.41,5.25,6.5,2223,14,4,5,3,5,4,4,4,0,2,1,0,2,1,3,3,3,3,126,260,4,4,0,0,0,0,0,0,0,0,0,-1,0,0,4,0.0,-0.25,0.0,0.0,1.0,1.0,1,2022,9,3
271,1,66,79,1,1,0,0,1,1,12,15,5,7,18,13,7,7,5,4,0,0,2.9,3.2,2.55,2.85,3.2,2.55,2223,15,2,3,3,4,5,4,1,1,1,0,0,2,1,3,3,3,3,119,316,4,1,0,0,0,0,0,0,0,0,-1,-2,3,3,4,-0.25,-0.5,0.75,0.75,1.0,0.25,0,2022,9,3
272,1,77,80,0,3,1,0,2,1,9,18,4,7,15,14,4,4,2,4,0,0,4.5,3.6,1.8,4.2,3.2,1.83,2223,16,3,2,5,4,1,1,9,1,2,0,2,1,2,3,3,3,3,316,256,1,9,0,0,0,0,0,0,0,0,-2,4,-8,-8,4,-0.5,1.0,-2.0,-2.0,0.25,2.25,0,2022,9,3
274,1,62,37,3,0,2,0,0,0,9,7,5,0,13,23,2,2,1,2,0,0,1.66,3.6,5.5,1.66,3.5,5.75,2223,6,5,2,4,5,4,1,4,1,2,1,0,0,1,3,3,3,3,294,260,1,4,0,0,0,0,0,0,0,0,-3,0,-3,-3,4,-0.75,0.0,-0.75,-0.75,0.25,1.0,1,2022,9,2
277,1,37,78,0,4,1,0,1,1,9,20,3,8,18,4,0,6,2,1,0,0,3.6,3.2,2.15,3.7,3.0,2.15,2223,5,1,1,4,2,2,1,3,0,1,1,2,3,3,3,3,3,3,133,262,1,3,0,0,0,0,0,0,0,0,-1,2,-2,-2,3,-0.3333333333333333,0.6666666666666666,-0.6666666666666666,-0.6666666666666666,0.3333333333333333,1.0,0,2022,8,29
278,1,76,79,0,1,1,0,0,0,12,13,2,7,15,17,6,2,4,3,0,0,4.0,3.3,2.0,4.0,3.25,2.0,2223,17,2,4,1,1,2,4,1,0,0,2,1,3,3,3,3,3,3,131,133,4,1,0,0,0,0,0,0,0,0,3,-1,3,3,3,1.0,-0.3333333333333333,1.0,1.0,1.3333333333333333,0.3333333333333333,0,2022,8,29
279,1,49,59,0,0,0,0,0,0,8,11,2,6,11,19,1,4,1,5,0,0,4.33,3.4,1.85,4.33,3.3,1.93,2223,9,19,0,1,1,2,1,3,0,1,1,2,3,3,3,3,3,3,133,262,1,3,0,0,0,0,0,0,0,0,-1,-1,-2,-2,3,-0.3333333333333333,-0.3333333333333333,-0.6666666666666666,-0.6666666666666666,0.3333333333333333,1.0,0,2022,8,28
280,1,80,22,4,0,2,2,0,2,24,8,9,3,9,8,14,4,0,3,0,0,1.14,8.5,15.0,1.15,8.5,18.0,2223,3,18,4,2,1,4,6,3,2,2,2,1,3,3,3,3,3,3,129,127,6,3,0,0,0,0,0,0,0,0,3,-2,3,3,3,1.0,-0.6666666666666666,1.0,1.0,2.0,1.0,1,2022,8,28
281,1,34,75,1,3,1,1,1,0,15,19,4,6,15,12,7,7,0,0,1,0,6.5,4.75,1.45,6.5,4.6,1.46,2223,8,14,1,4,2,4,1,3,0,1,1,2,3,3,3,3,3,3,133,262,1,3,0,0,0,0,0,0,0,0,-1,0,-2,-2,3,-0.3333333333333333,0.0,-0.6666666666666666,-0.6666666666666666,0.3333333333333333,1.0,0,2022,8,28
286,1,36,66,0,1,1,0,1,1,12,9,5,5,13,18,4,6,3,3,0,0,3.6,3.2,2.15,3.5,2.95,2.2,2223,7,15,2,3,4,2,0,4,1,0,1,2,3,3,3,3,3,3,130,131,0,4,0,0,0,0,0,0,0,0,-2,1,-4,-4,3,-0.6666666666666666,0.3333333333333333,-1.3333333333333333,-1.3333333333333333,0.0,1.3333333333333333,0,2022,8,27
290,1,26,77,2,1,2,1,1,0,11,13,5,5,18,11,5,2,5,8,0,0,3.6,3.25,2.15,3.5,3.2,2.2,2223,0,16,1,2,2,3,3,1,1,0,2,1,3,3,3,3,3,3,262,133,3,1,0,0,0,0,0,0,0,0,-1,-1,2,2,3,-0.3333333333333333,-0.3333333333333333,0.6666666666666666,0.6666666666666666,1.0,0.3333333333333333,1,2022,8,27
291,1,30,33,0,2,1,0,1,1,15,9,0,4,11,18,7,3,1,3,0,0,2.05,3.25,4.0,2.0,3.2,3.9,2223,13,11,3,3,2,0,4,6,2,2,0,2,3,3,3,3,3,3,132,129,4,6,0,0,0,0,0,0,0,0,1,3,-2,-2,3,0.3333333333333333,1.0,-0.6666666666666666,-0.6666666666666666,1.3333333333333333,2.0,0,2022,8,27
292,1,53,42,1,0,2,1,0,2,7,12,1,2,9,21,2,4,0,3,1,0,1.8,3.6,4.75,1.8,3.5,4.5,2223,4,12,1,3,4,3,1,3,0,2,1,1,3,3,3,3,3,3,133,127,1,3,0,0,0,0,0,0,0,0,-3,0,-2,-2,3,-1.0,0.0,-0.6666666666666666,-0.6666666666666666,0.3333333333333333,1.0,1,2022,8,26
294,1,27,62,0,1,1,0,0,0,11,11,3,6,16,13,2,4,2,1,0,0,2.8,3.1,2.75,2.7,3.1,2.7,2223,10,6,4,1,2,2,6,1,2,1,2,0,3,3,3,3,3,3,129,128,6,1,0,0,0,0,0,0,0,0,2,-1,5,5,3,0.6666666666666666,-0.3333333333333333,1.6666666666666667,1.6666666666666667,2.0,0.3333333333333333,0,2022,8,26
296,1,27,49,3,1,2,1,0,2,12,7,6,3,16,18,5,2,3,6,0,1,2.8,2.9,2.9,2.8,2.8,2.9,2223,10,9,2,0,1,1,3,0,2,1,3,3,3,3,3,3,3,3,135,134,3,0,0,0,0,0,0,0,0,0,1,-1,3,3,2,0.5,-0.5,1.5,1.5,1.5,0.0,1,2022,8,22
297,1,36,26,1,1,0,1,1,0,13,12,3,7,12,16,6,5,1,4,0,1,2.5,3.2,3.0,2.4,3.2,2.65,2223,7,0,1,1,2,0,0,3,1,2,3,3,3,3,3,3,3,3,134,135,0,3,0,0,0,0,0,0,0,0,-1,1,-3,-3,2,-0.5,0.5,-1.5,-1.5,0.0,1.5,0,2022,8,22
301,1,66,80,1,4,1,1,1,0,10,15,5,7,16,9,3,6,2,1,0,0,3.3,3.6,2.1,3.3,3.6,1.98,2223,15,3,2,2,1,1,3,3,2,2,3,3,3,3,3,3,3,3,135,135,3,3,0,0,0,0,0,0,0,0,1,1,0,0,2,0.5,0.5,0.0,0.0,1.5,1.5,0,2022,8,21
302,1,79,59,0,2,1,0,0,0,13,19,5,5,8,11,5,6,2,3,1,0,1.85,3.5,4.33,1.9,3.4,4.1,2223,2,19,0,1,1,0,0,3,1,2,3,3,3,3,3,3,3,3,134,135,0,3,0,0,0,0,0,0,0,0,-1,1,-3,-3,2,-0.5,0.5,-1.5,-1.5,0.0,1.5,0,2022,8,21
303,1,78,76,1,0,2,1,0,2,12,10,2,0,11,15,6,3,5,2,0,0,1.8,3.75,4.5,1.75,3.6,4.8,2223,1,17,3,3,0,0,3,3,2,2,3,3,3,3,3,3,3,3,135,135,3,3,0,0,0,0,0,0,0,0,3,3,0,0,2,1.5,1.5,0.0,0.0,1.5,1.5,1,2022,8,21
307,1,42,37,2,0,2,1,0,2,16,9,3,2,11,13,2,2,2,5,0,1,1.9,3.25,4.5,1.93,3.2,4.33,2223,12,5,1,1,2,2,0,0,1,1,3,3,3,3,3,3,3,3,134,134,0,0,0,0,0,0,0,0,0,0,-1,-1,0,0,2,-0.5,-0.5,0.0,0.0,0.0,0.0,1,2022,8,20
308,1,33,53,1,2,1,0,1,1,13,8,7,3,22,17,5,2,7,8,0,0,3.1,3.2,2.4,2.95,3.2,2.45,2223,11,4,1,0,0,3,3,0,2,1,3,3,3,3,3,3,3,3,135,134,3,0,0,0,0,0,0,0,0,0,1,-3,3,3,2,0.5,-1.5,1.5,1.5,1.5,0.0,0,2022,8,20
309,1,62,75,1,4,1,1,2,1,15,16,2,7,12,8,2,2,2,2,0,0,4.5,4.2,1.66,4.1,4.0,1.71,2223,6,14,0,2,0,1,1,3,0,2,3,3,3,3,3,3,3,3,136,135,1,3,0,0,0,0,0,0,0,0,0,1,-2,-2,2,0.0,0.5,-1.0,-1.0,0.5,1.5,0,2022,8,20
315,1,34,30,0,2,1,0,1,1,13,8,1,3,12,17,9,2,2,5,1,1,2.45,3.1,3.1,2.5,3.0,3.1,2223,8,13,0,0,1,0,0,1,1,0,3,3,3,3,3,3,3,3,134,136,0,1,0,0,0,0,0,0,0,0,-1,0,-1,-1,2,-0.5,0.0,-0.5,-0.5,0.0,0.5,0,2022,8,19
316,1,77,22,1,1,0,0,0,0,18,6,2,3,20,10,12,2,3,2,1,1,1.5,4.2,6.5,1.47,4.0,6.5,2223,16,18,1,0,2,3,0,0,1,1,3,3,3,3,3,3,3,3,134,134,0,0,0,0,0,0,0,0,0,0,-1,-3,0,0,2,-0.5,-1.5,0.0,0.0,0.0,0.0,0,2022,8,19
320,1,78,33,0,0,0,0,0,0,23,6,6,2,13,12,7,2,0,6,0,0,1.6,3.75,6.5,1.6,3.8,5.75,2223,1,11,0,0,0,0,0,0,3,3,3,3,3,3,3,3,3,3,137,137,0,0,0,0,0,0,0,0,0,0,0,0,0,0,1,0.0,0.0,0.0,0.0,0.0,0.0,0,2022,8,15
321,1,49,79,0,3,1,0,1,1,10,12,0,5,14,19,3,6,2,1,0,0,5.0,3.1,1.9,4.6,3.2,1.9,2223,9,2,0,0,0,0,0,0,3,3,3,3,3,3,3,3,3,3,137,137,0,0,0,0,0,0,0,0,0,0,0,0,0,0,1,0.0,0.0,0.0,0.0,0.0,0.0,0,2022,8,15
322,1,53,36,3,0,2,2,0,2,17,4,8,2,10,18,8,4,3,6,0,1,1.44,4.5,7.0,1.44,4.6,7.0,2223,4,7,0,0,0,0,0,0,3,3,3,3,3,3,3,3,3,3,137,137,0,0,0,0,0,0,0,0,0,0,0,0,0,0,1,0.0,0.0,0.0,0.0,0.0,0.0,1,2022,8,15
323,1,26,75,1,2,1,1,0,2,10,29,6,15,11,4,2,15,3,1,0,0,7.5,5.0,1.4,7.0,4.8,1.42,2223,0,14,0,0,0,0,0,0,3,3,3,3,3,3,3,3,3,3,137,137,0,0,0,0,0,0,0,0,0,0,0,0,0,0,1,0.0,0.0,0.0,0.0,0.0,0.0,0,2022,8,14
324,1,37,66,0,1,1,0,1,1,7,15,2,7,9,20,3,6,4,2,0,0,3.6,3.2,2.2,3.4,3.2,2.2,2223,5,15,0,0,0,0,0,0,3,3,3,3,3,3,3,3,3,3,137,137,0,0,0,0,0,0,0,0,0,0,0,0,0,0,1,0.0,0.0,0.0,0.0,0.0,0.0,0,2022,8,14
325,1,76,27,1,0,2,1,0,2,17,5,2,1,18,14,4,4,2,3,1,0,1.85,3.4,4.5,1.85,3.5,4.33,2223,17,10,0,0,0,0,0,0,3,3,3,3,3,3,3,3,3,3,137,137,0,0,0,0,0,0,0,0,0,0,0,0,0,0,1,0.0,0.0,0.0,0.0,0.0,0.0,1,2022,8,14
329,1,22,59,0,3,1,0,0,0,12,10,6,4,6,10,4,5,1,0,0,0,3.9,3.6,1.9,3.8,3.5,1.95,2223,18,19,0,0,0,0,0,0,3,3,3,3,3,3,3,3,3,3,137,137,0,0,0,0,0,0,0,0,0,0,0,0,0,0,1,0.0,0.0,0.0,0.0,0.0,0.0,0,2022,8,13
330,1,80,30,0,0,0,0,0,0,21,4,6,2,16,14,8,0,3,6,1,0,1.22,7.0,12.0,1.21,6.75,13.5,2223,3,13,0,0,0,0,0,0,3,3,3,3,3,3,3,3,3,3,137,137,0,0,0,0,0,0,0,0,0,0,0,0,0,0,1,0.0,0.0,0.0,0.0,0.0,0.0,0,2022,8,13
335,1,62,34,2,2,0,1,0,2,8,10,3,2,17,15,3,3,5,2,0,0,1.8,3.75,4.75,1.83,3.6,4.33,2223,6,8,0,0,0,0,0,0,3,3,3,3,3,3,3,3,3,3,137,137,0,0,0,0,0,0,0,0,0,0,0,0,0,0,1,0.0,0.0,0.0,0.0,0.0,0.0,0,2022,8,13
336,1,42,77,2,1,2,1,1,0,12,10,5,3,16,9,5,2,5,3,0,0,3.2,3.1,2.4,3.2,3.0,2.4,2223,12,16,0,0,0,0,0,0,3,3,3,3,3,3,3,3,3,3,137,137,0,0,0,0,0,0,0,0,0,0,0,0,0,0,1,0.0,0.0,0.0,0.0,0.0,0.0,1,2022,8,12
